This is LuaHBTeX, Version 1.24.0 (TeX Live 2026/Arch Linux)  (format=lualatex 2026.5.11)  18 JUN 2026 07:17
 restricted system commands enabled.
**main.tex
(./main.tex
LaTeX2e <2025-11-01>
L3 programming layer <2026-01-19>
Lua module: luaotfload 2024-12-03 v3.29 Lua based OpenType font support
Lua module: lualibs 2023-07-13 v2.76 ConTeXt Lua standard libraries.
Lua module: lualibs-extended 2023-07-13 v2.76 ConTeXt Lua libraries -- extended 
collection.
luaotfload | conf : Root cache directory is "/home/ksai/.texlive/texmf-var/luate
x-cache/generic/names".
luaotfload | init : Loading fontloader "fontloader-2023-12-28.lua" from kpse-res
olved path "/usr/share/texmf-dist/tex/luatex/luaotfload/fontloader-2023-12-28.lu
a".
Lua-only attribute luaotfload@noligature = 1
luaotfload | init : Context OpenType loader version 3.134
Inserting `luaotfload.node_processor' in `pre_linebreak_filter'.
Inserting `luaotfload.node_processor' in `hpack_filter'.
Inserting `luaotfload.glyph_stream' in `glyph_stream_provider'.
Inserting `luaotfload.define_font' in `define_font'.
Lua-only attribute luaotfload_color_attribute = 2
luaotfload | conf : Root cache directory is "/home/ksai/.texlive/texmf-var/luate
x-cache/generic/names".
Inserting `luaotfload.harf.strip_prefix' in `find_opentype_file'.
Inserting `luaotfload.harf.strip_prefix' in `find_truetype_file'.
Removing  `luaotfload.glyph_stream' from `glyph_stream_provider'.
Inserting `luaotfload.harf.glyphstream' in `glyph_stream_provider'.
Inserting `luaotfload.harf.finalize_vlist' in `post_linebreak_filter'.
Inserting `luaotfload.harf.finalize_hlist' in `hpack_filter'.
Inserting `luaotfload.cleanup_files' in `wrapup_run'.
Inserting `luaotfload.harf.finalize_unicode' in `finish_pdffile'.
Inserting `luaotfload.glyphinfo' in `glyph_info'.
Lua-only attribute luaotfload.letterspace_done = 3
Inserting `luaotfload.aux.set_sscale_dimens' in `luaotfload.patch_font'.
Inserting `luaotfload.aux.set_font_index' in `luaotfload.patch_font'.
Inserting `luaotfload.aux.patch_cambria_domh' in `luaotfload.patch_font'.
Inserting `luaotfload.aux.fixup_fontdata' in `luaotfload.patch_font_unsafe'.
Inserting `luaotfload.aux.set_capheight' in `luaotfload.patch_font'.
Inserting `luaotfload.aux.set_xheight' in `luaotfload.patch_font'.
Inserting `luaotfload.rewrite_fontname' in `luaotfload.patch_font'.
Inserting `tracingstacklevels' in `input_level_string'. (/usr/share/texmf-dist/
tex/latex/base/article.cls
Document Class: article 2025/01/22 v1.4n Standard LaTeX document class
(/usr/share/texmf-dist/tex/latex/base/size11.clo
File: size11.clo 2025/01/22 v1.4n Standard LaTeX file (size option)
luaotfload | db : Font names database loaded from /home/ksai/.texlive/texmf-var/
luatex-cache/generic/names/luaotfload-names.luc.gz)
\c@part=\count273
\c@section=\count274
\c@subsection=\count275
\c@subsubsection=\count276
\c@paragraph=\count277
\c@subparagraph=\count278
\c@figure=\count279
\c@table=\count280
\abovecaptionskip=\skip49
\belowcaptionskip=\skip50
\bibindent=\dimen147
)
(/usr/share/texmf-dist/tex/latex/fontspec/fontspec.sty
(/usr/share/texmf-dist/tex/latex/l3packages/xparse/xparse.sty
(/usr/share/texmf-dist/tex/latex/l3kernel/expl3.sty
Package: expl3 2026-01-19 L3 programming layer (loader) 

(/usr/share/texmf-dist/tex/latex/l3backend/l3backend-luatex.def
File: l3backend-luatex.def 2025-10-09 L3 backend support: PDF output (LuaTeX)
\l__color_backend_stack_int=\count281
Inserting `l3color' in `luaotfload.parse_color'.))
Package: xparse 2025-10-09 L3 Experimental document command parser
)
Package: fontspec 2025/09/29 v2.9g Font selection for XeLaTeX and LuaLaTeX
Lua module: fontspec 2025/09/29 v2.9g Font selection for XeLaTeX and LuaLaTeX
(/usr/share/texmf-dist/tex/latex/fontspec/fontspec-luatex.sty
Package: fontspec-luatex 2025/09/29 v2.9g Font selection for XeLaTeX and LuaLaT
eX
\l__fontspec_script_int=\count282
\l__fontspec_language_int=\count283
\l__fontspec_strnum_int=\count284
\l__fontspec_tmp_int=\count285
\l__fontspec_tmpa_int=\count286
\l__fontspec_tmpb_int=\count287
\l__fontspec_tmpc_int=\count288
\l__fontspec_em_int=\count289
\l__fontspec_emdef_int=\count290
\l__fontspec_strong_int=\count291
\l__fontspec_strongdef_int=\count292
\l__fontspec_tmpa_dim=\dimen148
\l__fontspec_tmpb_dim=\dimen149
\l__fontspec_tmpc_dim=\dimen150

(/usr/share/texmf-dist/tex/latex/base/fontenc.sty
Package: fontenc 2025/07/18 v2.1d Standard LaTeX package
)
(/usr/share/texmf-dist/tex/latex/fontspec/fontspec.cfg)))
(/usr/share/texmf-dist/tex/latex/polyglossia/polyglossia.sty
Package: polyglossia 2025/12/01 v2.9 Modern multilingual typesetting with XeLaT
eX and LuaLaTeX

(/usr/share/texmf-dist/tex/latex/etoolbox/etoolbox.sty
Package: etoolbox 2025/10/02 v2.5m e-TeX tools for LaTeX (JAW)
\etb@tempcnta=\count293
)
(/usr/share/texmf-dist/tex/generic/iftex/iftex.sty
Package: iftex 2024/12/12 v1.0g TeX engine tests
)
Lua module: polyglossia 2013/05/11 v1.3 Polyglossia
\l_xpg_alias_keyvals_int=\count294

(/usr/share/texmf-dist/tex/latex/polyglossia/gloss-latex.ldf
File: gloss-latex.ldf polyglossia: module for default language
)

Package polyglossia Info: Setting LuaTeX font renderer to Harfbuzz

)
(/usr/share/texmf-dist/tex/latex/geometry/geometry.sty
Package: geometry 2020/01/02 v5.9 Page Geometry

(/usr/share/texmf-dist/tex/latex/graphics/keyval.sty
Package: keyval 2022/05/29 v1.15 key=value parser (DPC)
\KV@toks@=\toks17
)
(/usr/share/texmf-dist/tex/generic/iftex/ifvtex.sty
Package: ifvtex 2019/10/25 v1.7 ifvtex legacy package. Use iftex instead.
)
\Gm@cnth=\count295
\Gm@cntv=\count296
\c@Gm@tempcnt=\count297
\Gm@bindingoffset=\dimen151
\Gm@wd@mp=\dimen152
\Gm@odd@mp=\dimen153
\Gm@even@mp=\dimen154
\Gm@layoutwidth=\dimen155
\Gm@layoutheight=\dimen156
\Gm@layouthoffset=\dimen157
\Gm@layoutvoffset=\dimen158
\Gm@dimlist=\toks18
)
(/usr/share/texmf-dist/tex/latex/fancyhdr/fancyhdr.sty
Package: fancyhdr 2025/02/07 v5.2 Extensive control of page headers and footers

\f@nch@headwidth=\skip51
\f@nch@offset@elh=\skip52
\f@nch@offset@erh=\skip53
\f@nch@offset@olh=\skip54
\f@nch@offset@orh=\skip55
\f@nch@offset@elf=\skip56
\f@nch@offset@erf=\skip57
\f@nch@offset@olf=\skip58
\f@nch@offset@orf=\skip59
\f@nch@height=\skip60
\f@nch@footalignment=\skip61
\f@nch@widthL=\skip62
\f@nch@widthC=\skip63
\f@nch@widthR=\skip64
\@temptokenb=\toks19
)
(/usr/share/texmf-dist/tex/latex/tcolorbox/tcolorbox.sty
Package: tcolorbox 2025/11/28 version 6.9.0 text color boxes

(/usr/share/texmf-dist/tex/latex/pgf/frontendlayer/tikz.sty
(/usr/share/texmf-dist/tex/latex/pgf/basiclayer/pgf.sty
(/usr/share/texmf-dist/tex/latex/pgf/utilities/pgfrcs.sty
(/usr/share/texmf-dist/tex/generic/pgf/utilities/pgfutil-common.tex
\pgfutil@everybye=\toks20
\pgfutil@tempdima=\dimen159
\pgfutil@tempdimb=\dimen160
)
(/usr/share/texmf-dist/tex/generic/pgf/utilities/pgfutil-latex.def
\pgfutil@abb=\box53
)
(/usr/share/texmf-dist/tex/generic/pgf/utilities/pgfrcs.code.tex
(/usr/share/texmf-dist/tex/generic/pgf/pgf.revision.tex)
Package: pgfrcs 2025-08-29 v3.1.11a (3.1.11a)
))
Package: pgf 2025-08-29 v3.1.11a (3.1.11a)

(/usr/share/texmf-dist/tex/latex/pgf/basiclayer/pgfcore.sty
(/usr/share/texmf-dist/tex/latex/graphics/graphicx.sty
Package: graphicx 2024/12/31 v1.2e Enhanced LaTeX Graphics (DPC,SPQR)

(/usr/share/texmf-dist/tex/latex/graphics/graphics.sty
Package: graphics 2024/08/06 v1.4g Standard LaTeX Graphics (DPC,SPQR)

(/usr/share/texmf-dist/tex/latex/graphics/trig.sty
Package: trig 2023/12/02 v1.11 sin cos tan (DPC)
)
(/usr/share/texmf-dist/tex/latex/graphics-cfg/graphics.cfg
File: graphics.cfg 2016/06/04 v1.11 sample graphics configuration
)
Package graphics Info: Driver file: luatex.def on input line 106.

(/usr/share/texmf-dist/tex/latex/graphics-def/luatex.def
File: luatex.def 2025/09/29 v1.2f Graphics/color driver for luatex
))
\Gin@req@height=\dimen161
\Gin@req@width=\dimen162
)
(/usr/share/texmf-dist/tex/latex/pgf/systemlayer/pgfsys.sty
(/usr/share/texmf-dist/tex/generic/pgf/systemlayer/pgfsys.code.tex
Package: pgfsys 2025-08-29 v3.1.11a (3.1.11a)

(/usr/share/texmf-dist/tex/generic/pgf/utilities/pgfkeys.code.tex
\pgfkeys@pathtoks=\toks21
\pgfkeys@temptoks=\toks22

(/usr/share/texmf-dist/tex/generic/pgf/utilities/pgfkeyslibraryfiltered.code.te
x
\pgfkeys@tmptoks=\toks23
))
\pgf@x=\dimen163
\pgf@y=\dimen164
\pgf@xa=\dimen165
\pgf@ya=\dimen166
\pgf@xb=\dimen167
\pgf@yb=\dimen168
\pgf@xc=\dimen169
\pgf@yc=\dimen170
\pgf@xd=\dimen171
\pgf@yd=\dimen172
\w@pgf@writea=\write3
\r@pgf@reada=\read2
\c@pgf@counta=\count298
\c@pgf@countb=\count299
\c@pgf@countc=\count300
\c@pgf@countd=\count301
\t@pgf@toka=\toks24
\t@pgf@tokb=\toks25
\t@pgf@tokc=\toks26
\pgf@sys@id@count=\count302
 (/usr/share/texmf-dist/tex/generic/pgf/systemlayer/pgf.cfg
File: pgf.cfg 2025-08-29 v3.1.11a (3.1.11a)
)
Driver file for pgf: pgfsys-luatex.def

(/usr/share/texmf-dist/tex/generic/pgf/systemlayer/pgfsys-luatex.def
File: pgfsys-luatex.def 2025-08-29 v3.1.11a (3.1.11a)

(/usr/share/texmf-dist/tex/generic/pgf/systemlayer/pgfsys-common-pdf.def
File: pgfsys-common-pdf.def 2025-08-29 v3.1.11a (3.1.11a)
)))
(/usr/share/texmf-dist/tex/generic/pgf/systemlayer/pgfsyssoftpath.code.tex
File: pgfsyssoftpath.code.tex 2025-08-29 v3.1.11a (3.1.11a)
\pgfsyssoftpath@smallbuffer@items=\count303
\pgfsyssoftpath@bigbuffer@items=\count304
)
(/usr/share/texmf-dist/tex/generic/pgf/systemlayer/pgfsysprotocol.code.tex
File: pgfsysprotocol.code.tex 2025-08-29 v3.1.11a (3.1.11a)
))
(/usr/share/texmf-dist/tex/latex/xcolor/xcolor.sty
Package: xcolor 2024/09/29 v3.02 LaTeX color extensions (UK)

(/usr/share/texmf-dist/tex/latex/graphics-cfg/color.cfg
File: color.cfg 2016/01/02 v1.6 sample color configuration
)
Package xcolor Info: Driver file: luatex.def on input line 274.

(/usr/share/texmf-dist/tex/latex/graphics/mathcolor.ltx)
Package xcolor Info: Model `cmy' substituted by `cmy0' on input line 1349.
Package xcolor Info: Model `hsb' substituted by `rgb' on input line 1353.
Package xcolor Info: Model `RGB' extended on input line 1365.
Package xcolor Info: Model `HTML' substituted by `rgb' on input line 1367.
Package xcolor Info: Model `Hsb' substituted by `hsb' on input line 1368.
Package xcolor Info: Model `tHsb' substituted by `hsb' on input line 1369.
Package xcolor Info: Model `HSB' substituted by `hsb' on input line 1370.
Package xcolor Info: Model `Gray' substituted by `gray' on input line 1371.
Package xcolor Info: Model `wave' substituted by `hsb' on input line 1372.
)
(/usr/share/texmf-dist/tex/generic/pgf/basiclayer/pgfcore.code.tex
Package: pgfcore 2025-08-29 v3.1.11a (3.1.11a)

(/usr/share/texmf-dist/tex/generic/pgf/math/pgfmath.code.tex
(/usr/share/texmf-dist/tex/generic/pgf/math/pgfmathutil.code.tex)
(/usr/share/texmf-dist/tex/generic/pgf/math/pgfmathparser.code.tex
\pgfmath@dimen=\dimen173
\pgfmath@count=\count305
\pgfmath@box=\box54
\pgfmath@toks=\toks27
\pgfmath@stack@operand=\toks28
\pgfmath@stack@operation=\toks29
)
(/usr/share/texmf-dist/tex/generic/pgf/math/pgfmathfunctions.code.tex)
(/usr/share/texmf-dist/tex/generic/pgf/math/pgfmathfunctions.basic.code.tex)
(/usr/share/texmf-dist/tex/generic/pgf/math/pgfmathfunctions.trigonometric.code
.tex)
(/usr/share/texmf-dist/tex/generic/pgf/math/pgfmathfunctions.random.code.tex)
(/usr/share/texmf-dist/tex/generic/pgf/math/pgfmathfunctions.comparison.code.te
x) (/usr/share/texmf-dist/tex/generic/pgf/math/pgfmathfunctions.base.code.tex)
(/usr/share/texmf-dist/tex/generic/pgf/math/pgfmathfunctions.round.code.tex)
(/usr/share/texmf-dist/tex/generic/pgf/math/pgfmathfunctions.misc.code.tex)
(/usr/share/texmf-dist/tex/generic/pgf/math/pgfmathfunctions.integerarithmetics
.code.tex) (/usr/share/texmf-dist/tex/generic/pgf/math/pgfmathcalc.code.tex)
(/usr/share/texmf-dist/tex/generic/pgf/math/pgfmathfloat.code.tex
\c@pgfmathroundto@lastzeros=\count306
))
(/usr/share/texmf-dist/tex/generic/pgf/math/pgfint.code.tex)
(/usr/share/texmf-dist/tex/generic/pgf/basiclayer/pgfcorepoints.code.tex
File: pgfcorepoints.code.tex 2025-08-29 v3.1.11a (3.1.11a)
\pgf@picminx=\dimen174
\pgf@picmaxx=\dimen175
\pgf@picminy=\dimen176
\pgf@picmaxy=\dimen177
\pgf@pathminx=\dimen178
\pgf@pathmaxx=\dimen179
\pgf@pathminy=\dimen180
\pgf@pathmaxy=\dimen181
\pgf@xx=\dimen182
\pgf@xy=\dimen183
\pgf@yx=\dimen184
\pgf@yy=\dimen185
\pgf@zx=\dimen186
\pgf@zy=\dimen187
)
(/usr/share/texmf-dist/tex/generic/pgf/basiclayer/pgfcorepathconstruct.code.tex
File: pgfcorepathconstruct.code.tex 2025-08-29 v3.1.11a (3.1.11a)
\pgf@path@lastx=\dimen188
\pgf@path@lasty=\dimen189
) (/usr/share/texmf-dist/tex/generic/pgf/basiclayer/pgfcorepathusage.code.tex
File: pgfcorepathusage.code.tex 2025-08-29 v3.1.11a (3.1.11a)
\pgf@shorten@end@additional=\dimen190
\pgf@shorten@start@additional=\dimen191
)
(/usr/share/texmf-dist/tex/generic/pgf/basiclayer/pgfcorescopes.code.tex
File: pgfcorescopes.code.tex 2025-08-29 v3.1.11a (3.1.11a)
\pgfpic=\box55
\pgf@hbox=\box56
\pgf@layerbox@main=\box57
\pgf@picture@serial@count=\count307
)
(/usr/share/texmf-dist/tex/generic/pgf/basiclayer/pgfcoregraphicstate.code.tex
File: pgfcoregraphicstate.code.tex 2025-08-29 v3.1.11a (3.1.11a)
\pgflinewidth=\dimen192
)
(/usr/share/texmf-dist/tex/generic/pgf/basiclayer/pgfcoretransformations.code.t
ex
File: pgfcoretransformations.code.tex 2025-08-29 v3.1.11a (3.1.11a)
\pgf@pt@x=\dimen193
\pgf@pt@y=\dimen194
\pgf@pt@temp=\dimen195
) (/usr/share/texmf-dist/tex/generic/pgf/basiclayer/pgfcorequick.code.tex
File: pgfcorequick.code.tex 2025-08-29 v3.1.11a (3.1.11a)
)
(/usr/share/texmf-dist/tex/generic/pgf/basiclayer/pgfcoreobjects.code.tex
File: pgfcoreobjects.code.tex 2025-08-29 v3.1.11a (3.1.11a)
)
(/usr/share/texmf-dist/tex/generic/pgf/basiclayer/pgfcorepathprocessing.code.te
x
File: pgfcorepathprocessing.code.tex 2025-08-29 v3.1.11a (3.1.11a)
) (/usr/share/texmf-dist/tex/generic/pgf/basiclayer/pgfcorearrows.code.tex
File: pgfcorearrows.code.tex 2025-08-29 v3.1.11a (3.1.11a)
\pgfarrowsep=\dimen196
)
(/usr/share/texmf-dist/tex/generic/pgf/basiclayer/pgfcoreshade.code.tex
File: pgfcoreshade.code.tex 2025-08-29 v3.1.11a (3.1.11a)
\pgf@max=\dimen197
\pgf@sys@shading@range@num=\count308
\pgf@shadingcount=\count309
)
(/usr/share/texmf-dist/tex/generic/pgf/basiclayer/pgfcoreimage.code.tex
File: pgfcoreimage.code.tex 2025-08-29 v3.1.11a (3.1.11a)
)
(/usr/share/texmf-dist/tex/generic/pgf/basiclayer/pgfcoreexternal.code.tex
File: pgfcoreexternal.code.tex 2025-08-29 v3.1.11a (3.1.11a)
\pgfexternal@startupbox=\box58
)
(/usr/share/texmf-dist/tex/generic/pgf/basiclayer/pgfcorelayers.code.tex
File: pgfcorelayers.code.tex 2025-08-29 v3.1.11a (3.1.11a)
)
(/usr/share/texmf-dist/tex/generic/pgf/basiclayer/pgfcoretransparency.code.tex
File: pgfcoretransparency.code.tex 2025-08-29 v3.1.11a (3.1.11a)
) (/usr/share/texmf-dist/tex/generic/pgf/basiclayer/pgfcorepatterns.code.tex
File: pgfcorepatterns.code.tex 2025-08-29 v3.1.11a (3.1.11a)
)
(/usr/share/texmf-dist/tex/generic/pgf/basiclayer/pgfcorerdf.code.tex
File: pgfcorerdf.code.tex 2025-08-29 v3.1.11a (3.1.11a)
)))
(/usr/share/texmf-dist/tex/generic/pgf/modules/pgfmoduleshapes.code.tex
File: pgfmoduleshapes.code.tex 2025-08-29 v3.1.11a (3.1.11a)
\pgfnodeparttextbox=\box59
)
(/usr/share/texmf-dist/tex/generic/pgf/modules/pgfmoduleplot.code.tex
File: pgfmoduleplot.code.tex 2025-08-29 v3.1.11a (3.1.11a)
)
(/usr/share/texmf-dist/tex/latex/pgf/compatibility/pgfcomp-version-0-65.sty
Package: pgfcomp-version-0-65 2025-08-29 v3.1.11a (3.1.11a)
\pgf@nodesepstart=\dimen198
\pgf@nodesepend=\dimen199
)
(/usr/share/texmf-dist/tex/latex/pgf/compatibility/pgfcomp-version-1-18.sty
Package: pgfcomp-version-1-18 2025-08-29 v3.1.11a (3.1.11a)
))
(/usr/share/texmf-dist/tex/latex/pgf/utilities/pgffor.sty
(/usr/share/texmf-dist/tex/latex/pgf/utilities/pgfkeys.sty
(/usr/share/texmf-dist/tex/generic/pgf/utilities/pgfkeys.code.tex))
(/usr/share/texmf-dist/tex/latex/pgf/math/pgfmath.sty
(/usr/share/texmf-dist/tex/generic/pgf/math/pgfmath.code.tex))
(/usr/share/texmf-dist/tex/generic/pgf/utilities/pgffor.code.tex
Package: pgffor 2025-08-29 v3.1.11a (3.1.11a)
\pgffor@iter=\dimen256
\pgffor@skip=\dimen257
\pgffor@stack=\toks30
\pgffor@toks=\toks31
))
(/usr/share/texmf-dist/tex/generic/pgf/frontendlayer/tikz/tikz.code.tex
Package: tikz 2025-08-29 v3.1.11a (3.1.11a)

(/usr/share/texmf-dist/tex/generic/pgf/libraries/pgflibraryplothandlers.code.te
x
File: pgflibraryplothandlers.code.tex 2025-08-29 v3.1.11a (3.1.11a)
\pgf@plot@mark@count=\count310
\pgfplotmarksize=\dimen258
)
\tikz@lastx=\dimen259
\tikz@lasty=\dimen260
\tikz@lastxsaved=\dimen261
\tikz@lastysaved=\dimen262
\tikz@lastmovetox=\dimen263
\tikz@lastmovetoy=\dimen264
\tikzleveldistance=\dimen265
\tikzsiblingdistance=\dimen266
\tikz@figbox=\box60
\tikz@figbox@bg=\box61
\tikz@tempbox=\box62
\tikz@tempbox@bg=\box63
\tikztreelevel=\count311
\tikznumberofchildren=\count312
\tikznumberofcurrentchild=\count313
\tikz@fig@count=\count314
 (/usr/share/texmf-dist/tex/generic/pgf/modules/pgfmodulematrix.code.tex
File: pgfmodulematrix.code.tex 2025-08-29 v3.1.11a (3.1.11a)
\pgfmatrixcurrentrow=\count315
\pgfmatrixcurrentcolumn=\count316
\pgf@matrix@numberofcolumns=\count317
)
\tikz@expandcount=\count318

(/usr/share/texmf-dist/tex/generic/pgf/frontendlayer/tikz/libraries/tikzlibrary
topaths.code.tex
File: tikzlibrarytopaths.code.tex 2025-08-29 v3.1.11a (3.1.11a)
))) (/usr/share/texmf-dist/tex/latex/tools/verbatim.sty
Package: verbatim 2024-01-22 v1.5x LaTeX2e package for verbatim enhancements
\every@verbatim=\toks32
\verbatim@line=\toks33
\verbatim@in@stream=\read3
)
(/usr/share/texmf-dist/tex/latex/environ/environ.sty
Package: environ 2014/05/04 v0.3 A new way to define environments

(/usr/share/texmf-dist/tex/latex/trimspaces/trimspaces.sty
Package: trimspaces 2009/09/17 v1.1 Trim spaces around a token list
)
\@envbody=\toks34
)
\tcb@titlebox=\box64
\tcb@upperbox=\box65
\tcb@lowerbox=\box66
\tcb@phantombox=\box67
\c@tcbbreakpart=\count319
\c@tcblayer=\count320
\c@tcolorbox@number=\count321
\l__tcobox_tmpa_box=\box68
\l__tcobox_tmpa_dim=\dimen267
\tcb@temp=\box69
\tcb@temp=\box70
\tcb@temp=\box71
\tcb@temp=\box72
)
(/usr/share/texmf-dist/tex/latex/base/ifthen.sty
Package: ifthen 2024/03/16 v1.1e Standard LaTeX ifthen package (DPC)
)
(/usr/share/texmf-dist/tex/generic/pgf/frontendlayer/tikz/libraries/tikzlibrary
shadows.code.tex
File: tikzlibraryshadows.code.tex 2025-08-29 v3.1.11a (3.1.11a)

(/usr/share/texmf-dist/tex/generic/pgf/frontendlayer/tikz/libraries/tikzlibrary
fadings.code.tex
File: tikzlibraryfadings.code.tex 2025-08-29 v3.1.11a (3.1.11a)

(/usr/share/texmf-dist/tex/generic/pgf/libraries/pgflibraryfadings.code.tex
File: pgflibraryfadings.code.tex 2025-08-29 v3.1.11a (3.1.11a)
)))
(/usr/share/texmf-dist/tex/latex/microtype/microtype.sty
Package: microtype 2026/03/01 v3.2d Micro-typographical refinements (RS)
\MT@toks=\toks35
\MT@tempbox=\box73
\MT@count=\count322
LaTeX Info: Redefining \noprotrusionifhmode on input line 1084.
LaTeX Info: Redefining \leftprotrusion on input line 1085.
\MT@prot@toks=\toks36
LaTeX Info: Redefining \rightprotrusion on input line 1104.
LaTeX Info: Redefining \textls on input line 1449.
\MT@outer@kern=\dimen268
LaTeX Info: Redefining \microtypecontext on input line 2053.
LaTeX Info: Redefining \textmicrotypecontext on input line 2070.
\MT@listname@count=\count323

(/usr/share/texmf-dist/tex/latex/microtype/microtype-luatex.def
File: microtype-luatex.def 2026/03/01 v3.2d Definitions specific to luatex (RS)

Lua module: microtype 2026/03/01 v3.2d microtype module.
Module microtype Info: overwriting function `keepligature' on input line 63
LaTeX Info: Redefining \lsstyle on input line 779.
LaTeX Info: Redefining \lslig on input line 779.
\MT@outer@space=\skip65
)
Package microtype Info: Loading configuration file microtype.cfg.

(/usr/share/texmf-dist/tex/latex/microtype/microtype.cfg
File: microtype.cfg 2026/03/01 v3.2d microtype main configuration file (RS)
)
LaTeX Info: Redefining \microtypesetup on input line 3065.
)
(/usr/share/texmf-dist/tex/latex/float/float.sty
Package: float 2001/11/08 v1.3d Float enhancements (AL)
\c@float@type=\count324
\float@exts=\toks37
\float@box=\box74
\@float@everytoks=\toks38
\@floatcapt=\box75
)
(/usr/share/texmf-dist/tex/latex/pgfornament/pgfornament.sty
(/usr/share/texmf-dist/tex/latex/pgfopts/pgfopts.sty
Package: pgfopts 2014/07/10 v2.1a LaTeX package options with pgfkeys
\pgfopts@list@add@a@toks=\toks39
\pgfopts@list@add@b@toks=\toks40
)
Package: pgfornament 2024/08/14 v1.3 vector ornaments

(/usr/share/texmf-dist/tex/latex/pgfornament/pgflibraryvectorian.code.tex
2020/04/06 1.1 pgflibraryvectorian.code.tex
)) (/usr/share/texmf-dist/tex/latex/tocloft/tocloft.sty
Package: tocloft 2017/08/31 v2.3i parameterised ToC, etc., typesetting
Package tocloft Info: The document has section divisions on input line 51.
\cftparskip=\skip66
\cftbeforetoctitleskip=\skip67
\cftaftertoctitleskip=\skip68
\cftbeforepartskip=\skip69
\cftpartnumwidth=\skip70
\cftpartindent=\skip71
\cftbeforesecskip=\skip72
\cftsecindent=\skip73
\cftsecnumwidth=\skip74
\cftbeforesubsecskip=\skip75
\cftsubsecindent=\skip76
\cftsubsecnumwidth=\skip77
\cftbeforesubsubsecskip=\skip78
\cftsubsubsecindent=\skip79
\cftsubsubsecnumwidth=\skip80
\cftbeforeparaskip=\skip81
\cftparaindent=\skip82
\cftparanumwidth=\skip83
\cftbeforesubparaskip=\skip84
\cftsubparaindent=\skip85
\cftsubparanumwidth=\skip86
\cftbeforeloftitleskip=\skip87
\cftafterloftitleskip=\skip88
\cftbeforefigskip=\skip89
\cftfigindent=\skip90
\cftfignumwidth=\skip91
\c@lofdepth=\count325
\c@lotdepth=\count326
\cftbeforelottitleskip=\skip92
\cftafterlottitleskip=\skip93
\cftbeforetabskip=\skip94
\cfttabindent=\skip95
\cfttabnumwidth=\skip96
)
(/usr/share/texmf-dist/tex/latex/xltabular/xltabular.sty
Package: xltabular 2025/02/28 v0.2i `xltabular' package (hv,RN)

(/usr/share/texmf-dist/tex/latex/tools/tabularx.sty
Package: tabularx 2023/12/11 v2.12a `tabularx' package (DPC)

(/usr/share/texmf-dist/tex/latex/tools/array.sty
Package: array 2025/09/25 v2.6n Tabular extension package (FMi)
\col@sep=\dimen269
\ar@mcellbox=\box76
\extrarowheight=\dimen270
\NC@list=\toks41
\extratabsurround=\skip97
\backup@length=\skip98
\ar@cellbox=\box77
)
\TX@col@width=\dimen271
\TX@old@table=\dimen272
\TX@old@col=\dimen273
\TX@target=\dimen274
\TX@delta=\dimen275
\TX@cols=\count327
\TX@ftn=\toks42
)
(/usr/share/texmf-dist/tex/latex/ltablex/ltablex.sty
Package: ltablex 2014/08/13 v1.1 Modified tabularx

(/usr/share/texmf-dist/tex/latex/tools/longtable.sty
Package: longtable 2025-10-13 v4.24 Multi-page Table package (DPC)
\LTleft=\skip99
\LTright=\skip100
\LTpre=\skip101
\LTpost=\skip102
\LTchunksize=\count328
\LTcapwidth=\dimen276
\LT@head=\box78
\LT@firsthead=\box79
\LT@foot=\box80
\LT@lastfoot=\box81
\LT@gbox=\box82
\LT@cols=\count329
\LT@rows=\count330
\c@LT@tables=\count331
\c@LT@chunks=\count332
\LT@p@ftn=\toks43
)))
(/usr/share/texmf-dist/tex/latex/booktabs/booktabs.sty
Package: booktabs 2020/01/12 v1.61803398 Publication quality tables
\heavyrulewidth=\dimen277
\lightrulewidth=\dimen278
\cmidrulewidth=\dimen279
\belowrulesep=\dimen280
\belowbottomsep=\dimen281
\aboverulesep=\dimen282
\abovetopsep=\dimen283
\cmidrulesep=\dimen284
\cmidrulekern=\dimen285
\defaultaddspace=\dimen286
\@cmidla=\count333
\@cmidlb=\count334
\@aboverulesep=\dimen287
\@belowrulesep=\dimen288
\@thisruleclass=\count335
\@lastruleclass=\count336
\@thisrulewidth=\dimen289
)
(/usr/share/texmf-dist/tex/lualatex/luacode/luacode.sty
Package: luacode 2012/01/23 v1.2a lua-in-tex helpers (mpg)

(/usr/share/texmf-dist/tex/generic/iftex/ifluatex.sty
Package: ifluatex 2019/10/25 v1.5 ifluatex legacy package. Use iftex instead.
)
(/usr/share/texmf-dist/tex/luatex/luatexbase/luatexbase.sty
Package: luatexbase 2015/10/04 v1.3 luatexbase interface to LuaTeX 

(/usr/share/texmf-dist/tex/luatex/ctablestack/ctablestack.sty
Package: ctablestack 2015/10/01 v1.0 Catcode table stable support
\@catcodetablestackcnt=\count337
)
\CatcodeTableOther=\catcodetable14
\CatcodeTableExpl=\catcodetable15
)
\luacode@lines=\toks44
\luacode@table@soft=\catcodetable16
)
Inserting `Fix Devanagari Breaks' in `pre_linebreak_filter'.
\c@shlokaline=\count338
luaotfload | cache : Lookup cache loaded from /home/ksai/.texlive/texmf-var/luat
ex-cache/generic/names/luaotfload-lookup-cache.luc.

Package fontspec Info: 
(fontspec)             Font family 'TiroDevanagariSanskrit(0)' created for
(fontspec)             font 'Tiro Devanagari Sanskrit' with options
(fontspec)             [Renderer=Harfbuzz,Ligatures=TeX,Script=Devanagari,AutoF
akeBold=1.8].
(fontspec)              
(fontspec)              This font family consists of the following NFSS
(fontspec)             series/shapes:
(fontspec)              
(fontspec)             - 'normal' (m/n) with NFSS spec.: <->"name:Tiro
(fontspec)             Devanagari
(fontspec)             Sanskrit:mode=harf;script=dev2;language=dflt;+tlig;"
(fontspec)             - 'small caps'  (m/sc) with NFSS spec.: <->"name:Tiro
(fontspec)             Devanagari
(fontspec)             Sanskrit:mode=harf;script=dev2;language=dflt;+tlig;+smcp
;"
(fontspec)             - 'bold' (b/n) with NFSS spec.: <->"name:Tiro
(fontspec)             Devanagari
(fontspec)             Sanskrit:mode=harf;script=dev2;language=dflt;embolden=1.
8;+tlig;"
(fontspec)             - 'bold small caps'  (b/sc) with NFSS spec.:
(fontspec)             <->"name:Tiro Devanagari
(fontspec)             Sanskrit:mode=harf;script=dev2;language=dflt;embolden=1.
8;+tlig;+smcp;"
(fontspec)             - 'italic' (m/it) with NFSS spec.: <->"name:Tiro
(fontspec)             Devanagari
(fontspec)             Sanskrit/I:mode=harf;script=dev2;language=dflt;+tlig;"
(fontspec)             - 'italic small caps'  (m/scit) with NFSS spec.:
(fontspec)             <->"name:Tiro Devanagari
(fontspec)             Sanskrit/I:mode=harf;script=dev2;language=dflt;+tlig;+sm
cp;"
(fontspec)             - 'bold italic' (b/it) with NFSS spec.: <->"name:Tiro
(fontspec)             Devanagari
(fontspec)             Sanskrit/I:mode=harf;script=dev2;language=dflt;+tlig;"
(fontspec)             - 'bold italic small caps'  (b/scit) with NFSS spec.:
(fontspec)             <->"name:Tiro Devanagari
(fontspec)             Sanskrit/I:mode=harf;script=dev2;language=dflt;+tlig;+sm
cp;"

 (./main.aux)
\openout1 = main.aux

LaTeX Font Info:    Checking defaults for OML/cmm/m/it on input line 417.
LaTeX Font Info:    ... okay on input line 417.
LaTeX Font Info:    Checking defaults for OMS/cmsy/m/n on input line 417.
LaTeX Font Info:    ... okay on input line 417.
LaTeX Font Info:    Checking defaults for OT1/cmr/m/n on input line 417.
LaTeX Font Info:    ... okay on input line 417.
LaTeX Font Info:    Checking defaults for T1/cmr/m/n on input line 417.
LaTeX Font Info:    ... okay on input line 417.
LaTeX Font Info:    Checking defaults for TS1/cmr/m/n on input line 417.
LaTeX Font Info:    ... okay on input line 417.
LaTeX Font Info:    Checking defaults for TU/lmr/m/n on input line 417.
LaTeX Font Info:    ... okay on input line 417.
LaTeX Font Info:    Checking defaults for OMX/cmex/m/n on input line 417.
LaTeX Font Info:    ... okay on input line 417.
LaTeX Font Info:    Checking defaults for U/cmr/m/n on input line 417.
LaTeX Font Info:    ... okay on input line 417.

Package fontspec Info: 
(fontspec)             Adjusting the maths setup (use [no-math] to avoid
(fontspec)             this).

\symlegacymaths=\mathgroup4
LaTeX Font Info:    Overwriting symbol font `legacymaths' in version `bold'
(Font)                  OT1/cmr/m/n --> OT1/cmr/bx/n on input line 417.
LaTeX Font Info:    Redeclaring math accent \acute on input line 417.
LaTeX Font Info:    Redeclaring math accent \grave on input line 417.
LaTeX Font Info:    Redeclaring math accent \ddot on input line 417.
LaTeX Font Info:    Redeclaring math accent \tilde on input line 417.
LaTeX Font Info:    Redeclaring math accent \bar on input line 417.
LaTeX Font Info:    Redeclaring math accent \breve on input line 417.
LaTeX Font Info:    Redeclaring math accent \check on input line 417.
LaTeX Font Info:    Redeclaring math accent \hat on input line 417.
LaTeX Font Info:    Redeclaring math accent \dot on input line 417.
LaTeX Font Info:    Redeclaring math accent \mathring on input line 417.
LaTeX Font Info:    Redeclaring math symbol \colon on input line 417.
LaTeX Font Info:    Redeclaring math symbol \Gamma on input line 417.
LaTeX Font Info:    Redeclaring math symbol \Delta on input line 417.
LaTeX Font Info:    Redeclaring math symbol \Theta on input line 417.
LaTeX Font Info:    Redeclaring math symbol \Lambda on input line 417.
LaTeX Font Info:    Redeclaring math symbol \Xi on input line 417.
LaTeX Font Info:    Redeclaring math symbol \Pi on input line 417.
LaTeX Font Info:    Redeclaring math symbol \Sigma on input line 417.
LaTeX Font Info:    Redeclaring math symbol \Upsilon on input line 417.
LaTeX Font Info:    Redeclaring math symbol \Phi on input line 417.
LaTeX Font Info:    Redeclaring math symbol \Psi on input line 417.
LaTeX Font Info:    Redeclaring math symbol \Omega on input line 417.
LaTeX Font Info:    Redeclaring math symbol \mathdollar on input line 417.
LaTeX Font Info:    Redeclaring symbol font `operators' on input line 417.
LaTeX Font Info:    Encoding `OT1' has changed to `TU' for symbol font
(Font)              `operators' in the math version `normal' on input line 417.

LaTeX Font Info:    Overwriting symbol font `operators' in version `normal'
(Font)                  OT1/cmr/m/n --> TU/TiroDevanagariSanskrit(0)/m/n on inp
ut line 417.
LaTeX Font Info:    Encoding `OT1' has changed to `TU' for symbol font
(Font)              `operators' in the math version `bold' on input line 417.
LaTeX Font Info:    Overwriting symbol font `operators' in version `bold'
(Font)                  OT1/cmr/bx/n --> TU/TiroDevanagariSanskrit(0)/m/n on in
put line 417.
LaTeX Font Info:    Overwriting symbol font `operators' in version `normal'
(Font)                  TU/TiroDevanagariSanskrit(0)/m/n --> TU/TiroDevanagariS
anskrit(0)/m/n on input line 417.
LaTeX Font Info:    Overwriting math alphabet `\mathit' in version `normal'
(Font)                  OT1/cmr/m/it --> TU/TiroDevanagariSanskrit(0)/m/it on i
nput line 417.
LaTeX Font Info:    Overwriting math alphabet `\mathbf' in version `normal'
(Font)                  OT1/cmr/bx/n --> TU/TiroDevanagariSanskrit(0)/b/n on in
put line 417.
LaTeX Font Info:    Overwriting math alphabet `\mathsf' in version `normal'
(Font)                  OT1/cmss/m/n --> TU/lmss/m/n on input line 417.
LaTeX Font Info:    Overwriting math alphabet `\mathtt' in version `normal'
(Font)                  OT1/cmtt/m/n --> TU/lmtt/m/n on input line 417.
LaTeX Font Info:    Overwriting symbol font `operators' in version `bold'
(Font)                  TU/TiroDevanagariSanskrit(0)/m/n --> TU/TiroDevanagariS
anskrit(0)/b/n on input line 417.
LaTeX Font Info:    Overwriting math alphabet `\mathit' in version `bold'
(Font)                  OT1/cmr/bx/it --> TU/TiroDevanagariSanskrit(0)/b/it on 
input line 417.
LaTeX Font Info:    Overwriting math alphabet `\mathsf' in version `bold'
(Font)                  OT1/cmss/bx/n --> TU/lmss/b/n on input line 417.
LaTeX Font Info:    Overwriting math alphabet `\mathtt' in version `bold'
(Font)                  OT1/cmtt/m/n --> TU/lmtt/b/n on input line 417.

*geometry* driver: auto-detecting
*geometry* detected driver: luatex
*geometry* verbose mode - [ preamble ] result:
* driver: luatex
* paper: a5paper
* layout: <same size as paper>
* layoutoffset:(h,v)=(0.0pt,0.0pt)
* modes: 
* h-part:(L,W,R)=(36.135pt, 348.8308pt, 36.135pt)
* v-part:(T,H,B)=(72.26999pt, 452.9679pt, 72.26999pt)
* \paperwidth=421.10078pt
* \paperheight=597.50787pt
* \textwidth=348.8308pt
* \textheight=452.9679pt
* \oddsidemargin=-36.135pt
* \evensidemargin=-36.135pt
* \topmargin=-23.5359pt
* \headheight=15.0pt
* \headsep=8.5359pt
* \topskip=11.0pt
* \footskip=30.0pt
* \marginparwidth=4.0pt
* \marginparsep=10.0pt
* \columnsep=10.0pt
* \skip\footins=10.0pt plus 4.0pt minus 2.0pt
* \hoffset=0.0pt
* \voffset=0.0pt
* \mag=1000
* \@twocolumnfalse
* \@twosidefalse
* \@mparswitchfalse
* \@reversemarginfalse
* (1in=72.27pt=25.4mm, 1cm=28.453pt)

(/usr/share/texmf-dist/tex/context/base/mkii/supp-pdf.mkii
[Loading MPS to PDF converter (version 2006.09.02).]
\scratchcounter=\count339
\scratchdimen=\dimen290
\scratchbox=\box83
\nofMPsegments=\count340
\nofMParguments=\count341
\everyMPshowfont=\toks45
\MPscratchCnt=\count342
\MPscratchDim=\dimen291
\MPnumerator=\count343
\makeMPintoPDFobject=\count344
\everyMPtoPDFconversion=\toks46
) (/usr/share/texmf-dist/tex/latex/epstopdf-pkg/epstopdf-base.sty
Package: epstopdf-base 2020-01-24 v2.11 Base part for package epstopdf
Package epstopdf-base Info: Redefining graphics rule for `.eps' on input line 4
85.

(/usr/share/texmf-dist/tex/latex/latexconfig/epstopdf-sys.cfg
File: epstopdf-sys.cfg 2010/07/13 v1.3 Configuration of (r)epstopdf for TeX Liv
e
))
LaTeX Info: Redefining \microtypecontext on input line 417.
Package microtype Info: Applying patch `item' on input line 417.
Package microtype Info: Applying patch `toc' on input line 417.
Package microtype Info: Applying patch `eqnum' on input line 417.
Package microtype Info: Applying patch `footnote' on input line 417.
Package microtype Info: Applying patch `verbatim' on input line 417.
LaTeX Info: Redefining \microtypesetup on input line 417.
Package microtype Info: Generating PDF output.
Package microtype Info: Character protrusion enabled (level 2).
Package microtype Info: Using default protrusion set `alltext'.
Package microtype Info: Automatic font expansion enabled (level 2),
(microtype)             stretch: 20, shrink: 20, step: 1, non-selected.
Package microtype Info: Using default expansion set `alltext-nott'.
Package microtype Info: Patching command `\showhyphens'.
Package microtype Info: No adjustment of tracking.
Package microtype Info: No adjustment of spacing.
Package microtype Info: No adjustment of kerning.
Package microtype Info: Loading generic protrusion settings for font family
(microtype)             `TiroDevanagariSanskrit' (encoding: TU).
(microtype)             For optimal results, create family-specific settings.
(microtype)             See the microtype manual for details.


Package microtype Warning: Unknown slot number of character
(microtype)                `\k A'
(microtype)                in font encoding `TU' in inheritance list
(microtype)                `microtype.cfg/425(protrusion)'.


Package microtype Warning: Unknown slot number of character
(microtype)                `\k a'
(microtype)                in font encoding `TU' in inheritance list
(microtype)                `microtype.cfg/425(protrusion)'.


Package microtype Warning: Unknown slot number of character
(microtype)                `\'C'
(microtype)                in font encoding `TU' in inheritance list
(microtype)                `microtype.cfg/425(protrusion)'.


Package microtype Warning: Unknown slot number of character
(microtype)                `\'c'
(microtype)                in font encoding `TU' in inheritance list
(microtype)                `microtype.cfg/425(protrusion)'.


Package microtype Warning: Unknown slot number of character
(microtype)                `\v D'
(microtype)                in font encoding `TU' in inheritance list
(microtype)                `microtype.cfg/425(protrusion)'.


Package microtype Warning: Unknown slot number of character
(microtype)                `\v d'
(microtype)                in font encoding `TU' in inheritance list
(microtype)                `microtype.cfg/425(protrusion)'.


Package microtype Warning: Unknown slot number of character
(microtype)                `\k E'
(microtype)                in font encoding `TU' in inheritance list
(microtype)                `microtype.cfg/425(protrusion)'.


Package microtype Warning: Unknown slot number of character
(microtype)                `\v E'
(microtype)                in font encoding `TU' in inheritance list
(microtype)                `microtype.cfg/425(protrusion)'.


Package microtype Warning: Unknown slot number of character
(microtype)                `\k e'
(microtype)                in font encoding `TU' in inheritance list
(microtype)                `microtype.cfg/425(protrusion)'.


Package microtype Warning: Unknown slot number of character
(microtype)                `\v e'
(microtype)                in font encoding `TU' in inheritance list
(microtype)                `microtype.cfg/425(protrusion)'.


Package microtype Warning: Unknown slot number of character
(microtype)                `\u G'
(microtype)                in font encoding `TU' in inheritance list
(microtype)                `microtype.cfg/425(protrusion)'.


Package microtype Warning: Unknown slot number of character
(microtype)                `\u g'
(microtype)                in font encoding `TU' in inheritance list
(microtype)                `microtype.cfg/425(protrusion)'.


Package microtype Warning: Unknown slot number of character
(microtype)                `\.I'
(microtype)                in font encoding `TU' in inheritance list
(microtype)                `microtype.cfg/425(protrusion)'.


Package microtype Warning: Unknown slot number of character
(microtype)                `\v L'
(microtype)                in font encoding `TU' in inheritance list
(microtype)                `microtype.cfg/425(protrusion)'.


Package microtype Warning: Unknown slot number of character
(microtype)                `\v l'
(microtype)                in font encoding `TU' in inheritance list
(microtype)                `microtype.cfg/425(protrusion)'.


Package microtype Warning: Unknown slot number of character
(microtype)                `\'N'
(microtype)                in font encoding `TU' in inheritance list
(microtype)                `microtype.cfg/425(protrusion)'.


Package microtype Warning: Unknown slot number of character
(microtype)                `\v N'
(microtype)                in font encoding `TU' in inheritance list
(microtype)                `microtype.cfg/425(protrusion)'.


Package microtype Warning: Unknown slot number of character
(microtype)                `\'n'
(microtype)                in font encoding `TU' in inheritance list
(microtype)                `microtype.cfg/425(protrusion)'.


Package microtype Warning: Unknown slot number of character
(microtype)                `\v n'
(microtype)                in font encoding `TU' in inheritance list
(microtype)                `microtype.cfg/425(protrusion)'.


Package microtype Warning: Unknown slot number of character
(microtype)                `\H O'
(microtype)                in font encoding `TU' in inheritance list
(microtype)                `microtype.cfg/425(protrusion)'.


Package microtype Warning: Unknown slot number of character
(microtype)                `\H o'
(microtype)                in font encoding `TU' in inheritance list
(microtype)                `microtype.cfg/425(protrusion)'.


Package microtype Warning: Unknown slot number of character
(microtype)                `\v R'
(microtype)                in font encoding `TU' in inheritance list
(microtype)                `microtype.cfg/425(protrusion)'.


Package microtype Warning: Unknown slot number of character
(microtype)                `\v r'
(microtype)                in font encoding `TU' in inheritance list
(microtype)                `microtype.cfg/425(protrusion)'.


Package microtype Warning: Unknown slot number of character
(microtype)                `\c S'
(microtype)                in font encoding `TU' in inheritance list
(microtype)                `microtype.cfg/425(protrusion)'.


Package microtype Warning: Unknown slot number of character
(microtype)                `\c s'
(microtype)                in font encoding `TU' in inheritance list
(microtype)                `microtype.cfg/425(protrusion)'.


Package microtype Warning: Unknown slot number of character
(microtype)                `\c T'
(microtype)                in font encoding `TU' in inheritance list
(microtype)                `microtype.cfg/425(protrusion)'.


Package microtype Warning: Unknown slot number of character
(microtype)                `\v T'
(microtype)                in font encoding `TU' in inheritance list
(microtype)                `microtype.cfg/425(protrusion)'.


Package microtype Warning: Unknown slot number of character
(microtype)                `\c t'
(microtype)                in font encoding `TU' in inheritance list
(microtype)                `microtype.cfg/425(protrusion)'.


Package microtype Warning: Unknown slot number of character
(microtype)                `\v t'
(microtype)                in font encoding `TU' in inheritance list
(microtype)                `microtype.cfg/425(protrusion)'.


Package microtype Warning: Unknown slot number of character
(microtype)                `\H U'
(microtype)                in font encoding `TU' in inheritance list
(microtype)                `microtype.cfg/425(protrusion)'.


Package microtype Warning: Unknown slot number of character
(microtype)                `\r U'
(microtype)                in font encoding `TU' in inheritance list
(microtype)                `microtype.cfg/425(protrusion)'.


Package microtype Warning: Unknown slot number of character
(microtype)                `\H u'
(microtype)                in font encoding `TU' in inheritance list
(microtype)                `microtype.cfg/425(protrusion)'.


Package microtype Warning: Unknown slot number of character
(microtype)                `\r u'
(microtype)                in font encoding `TU' in inheritance list
(microtype)                `microtype.cfg/425(protrusion)'.


Package microtype Warning: Unknown slot number of character
(microtype)                `\.Z'
(microtype)                in font encoding `TU' in inheritance list
(microtype)                `microtype.cfg/425(protrusion)'.


Package microtype Warning: Unknown slot number of character
(microtype)                `\.z'
(microtype)                in font encoding `TU' in inheritance list
(microtype)                `microtype.cfg/425(protrusion)'.

(./main.toc
LaTeX Font Info:    External font `cmex10' loaded for size
(Font)              <10.95> on input line 2.
LaTeX Font Info:    External font `cmex10' loaded for size
(Font)              <8> on input line 2.
LaTeX Font Info:    External font `cmex10' loaded for size
(Font)              <6> on input line 2.
 (/usr/share/texmf-dist/tex/latex/microtype/mt-cmr.cfg
File: mt-cmr.cfg 2013/05/19 v2.2 microtype config. file: Computer Modern Roman 
(RS)
)
LaTeX Font Info:    External font `cmex10' loaded for size
(Font)              <12> on input line 3.
 [1

{/var/lib/texmf/fonts/map/pdftex/updmap/pdftex.map}])
\tf@toc=\write4

\openout4 = main.toc
 [2]
Underfull \hbox (badness 2426) in paragraph at lines 425--426
[]\TU/TiroDevanagariSanskrit(0)/m/n/10.95 नेपालसंस्कृत
विश्वविद्यालयेन शास्त्रिस्
तरीयपाठ्यक्रमस्य पुनर्निर्
माणं कृतम् । तत्क्रमे
 []


Underfull \hbox (badness 10000) in paragraph at lines 425--426
\TU/TiroDevanagariSanskrit(0)/m/n/10.95 इति शीर्षके वै
दिकसाहित्यस्य सामान्यज्ञान
ार्जनाय वेदोपनिषद्ब्राह्मण
ग्रन्थतः काश्चन
 []


Underfull \hbox (badness 4634) in paragraph at lines 425--426
\TU/TiroDevanagariSanskrit(0)/m/n/10.95 अस्माकं विश्व
विद्यालयस्य साहित्यविषयसमि
तेरध्यक्षपदासीनेभ्यः प्राप
्तविद्यावारिधिकेभ्यः
 []


Underfull \hbox (badness 10000) in paragraph at lines 425--426
\TU/TiroDevanagariSanskrit(0)/m/n/10.95 प्राध्यापकपद
मलङ्‌कुर्वद्भ्यो नुरापतिपो
खरेलगुरुवरेभ्यो विषयवस्तुव
िशिष्टीकरणादिकार्येषु
 []


Underfull \hbox (badness 2951) in paragraph at lines 427--428
\TU/TiroDevanagariSanskrit(0)/m/n/10.95 अध्ययनं कृतम् 
। अस्मिन् कार्ये मम विद्यावा
रिध्युपाधिलाभाय कृतस्य शोधप
्रबन्धस्य
 []


Underfull \hbox (badness 10000) in paragraph at lines 431--432
[]\TU/TiroDevanagariSanskrit(0)/m/n/10.95 इतः पूर्वं मय
ा केवलं लघुलेखादिकमेव रचितमा
सीत् । संस्कृतभाषायां
 []

[3] [4] [5

]
Underfull \hbox (badness 2269) in paragraph at lines 465--466
\TU/TiroDevanagariSanskrit(0)/m/n/10.95 गणेषु चत्वारः 
प्रमुखा ऋत्विजो निर्धारिता व
िद्यन्ते । तत्र होतृगणे होता, 
अध्वर्युगणे
 []

[6] [7]
Underfull \hbox (badness 1490) in paragraph at lines 481--482
\TU/TiroDevanagariSanskrit(0)/m/n/10.95 ऋत्विक् यज्ञस
्य प्रमुखाध्यक्षो भवति । एष ऋ
त्विग् ‘यज्ञकार्ये त्रुटयो म
ा भवन्तु’ इति
 []


Underfull \hbox (badness 10000) in paragraph at lines 483--484
[]\TU/TiroDevanagariSanskrit(0)/m/n/10.95 सामान्यतया य
ज्ञसम्पादनपरासु चतुसृषु संह
ितासु ऋग्वेदसंहितायां स्तुत
िपरका
 []

[8] [9]
Underfull \hbox (badness 2951) in paragraph at lines 521--522
\TU/TiroDevanagariSanskrit(0)/m/n/10.95 उपदिश्यते इति 
निरुक्तम् । निरुक्तशब्दस्य स
ामान्यार्थो भवति- निर्वचनं व
्युत्पत्तिश्च ।
 []


Underfull \hbox (badness 3557) in paragraph at lines 525--526
[]\TU/TiroDevanagariSanskrit(0)/m/n/10.95 ‘कल्पः’ वेदस
्य हस्तौ मन्यते । यथा हस्तौ शर
ीरं विविधकर्मसु प्रेरयतः, तथ
ैव
 []

[10]
Underfull \hbox (badness 4403) in paragraph at lines 529--530
\TU/TiroDevanagariSanskrit(0)/m/n/10.95 चक्षुः’ इति । 
यज्ञयागादीनां सम्यग् रूपेण स
म्पादनाय समयविशेषस्य ज्ञानम
पेक्ष्यते।
 []

[11]
Underfull \hbox (badness 2990) in paragraph at lines 539--540
[]\TU/TiroDevanagariSanskrit(0)/m/n/10.95 पौरस्त्यसाहि
त्यं वैदिकलौकिकयोर्द्वयोर्
भागयोर्विभक्तमस्ति । द्वयोर
्मध्ये वैदिकसाहित्यं
 []


Underfull \hbox (badness 10000) in paragraph at lines 541--542
[]\TU/TiroDevanagariSanskrit(0)/m/n/10.95 ऋग्वेदस्य सं
वादसूक्तानि काव्यमयत्वादत्
यन्तमेव हृद्यानि । तेषु
 []


Underfull \hbox (badness 2903) in paragraph at lines 541--542
\TU/TiroDevanagariSanskrit(0)/m/n/10.95 पुरुरवोर्वशी
संवादयमयमीसंवादप्रभृतयः प्
रसिद्धाः सन्ति । अत्र सामाजि
करीतिसम्बद्धानि
 []


Underfull \hbox (badness 10000) in paragraph at lines 541--542
\TU/TiroDevanagariSanskrit(0)/m/n/10.95 दार्शनिकविषय
सम्बद्धानि । विद्वद्भिरेतान
्येव सूक्तान्यङ्गीकृत्य रसम
यानि हृद्यानि
 []


Underfull \hbox (badness 2134) in paragraph at lines 543--544
\TU/TiroDevanagariSanskrit(0)/m/n/10.95 प्रायशः तेषां 
सर्वेषां बीजम् ऋग्वेदसूक्ते
षु लभ्यते । तस्मात् काव्यरचन
ाविधिनिर्माणस्य
 []


Underfull \hbox (badness 10000) in paragraph at lines 549--550
[]\TU/TiroDevanagariSanskrit(0)/m/n/10.95 ऋग्वेदसंहिता
या दशमे मण्डले एकनवत्युत्तरश
तसङ्ख्यकानि सूक्तानि सन्ति ।
 []


Underfull \hbox (badness 5050) in paragraph at lines 549--550
\TU/TiroDevanagariSanskrit(0)/m/n/10.95 सूक्तेऽस्मिन
् सृष्ट्यारम्भात् प्राग् जगत
ः कीदृशं स्वरूपमासीदिति चिन्
तनमस्ति । यथा
 []

[12] [13] [14]
Underfull \hbox (badness 1178) in paragraph at lines 597--598
[]\TU/TiroDevanagariSanskrit(0)/m/n/10.95 तर्हि= तदानीम
्, मृत्युः= मरणधर्मविशेषः, न= न
ैव, आसीत्= स्थितः । अमृतम्=
 []


Underfull \hbox (badness 2269) in paragraph at lines 601--602
\TU/TiroDevanagariSanskrit(0)/m/n/10.95 क्रियाहीनः स्
वधया (स्वस्मिन् धीयते इति स्व
धा माया तया सह) स्वकीयया मायया
 []

[15] [16] [17] [18]
Underfull \hbox (badness 10000) in paragraph at lines 717--718
[]\TU/TiroDevanagariSanskrit(0)/m/n/10.95 इयं= दृश्यमान
ा विसृष्टिः= चराचरविशिष्टा व
िचित्रा सृष्टिः यतः=
 []

[19]
Underfull \hbox (badness 10000) in paragraph at lines 729--730
[]\TU/TiroDevanagariSanskrit(0)/m/n/10.95 सूक्तेऽस्मिन
् सप्त ऋचः सन्ति । प्रथमायामृ
चि विद्यमानं नासदित्यंशमादा
य
 []


Underfull \hbox (badness 1014) in paragraph at lines 729--730
\TU/TiroDevanagariSanskrit(0)/m/n/10.95 तस्य हृदि सिसृ
क्षा जागृता। तस्यैवैतत्फलं य
दधुनेदं विविधापन्नं जगत् विद
्यमानमस्ति ।
 []

(/usr/share/texmf-dist/tex/generic/pgfornament/vectorian/vectorian84.pgf)
[20] [21]
Underfull \hbox (badness 1270) in paragraph at lines 777--778
\TU/TiroDevanagariSanskrit(0)/b/n/10.95 ज्योतिः= \TU/TiroDevanaga
riSanskrit(0)/m/n/10.95 प्रकाशपुञ्जः, \TU/TiroDevanagar
iSanskrit(0)/b/n/10.95 आगात्\TU/TiroDevanagariSanskrit(0)/m/n/10.95 = 
पूर्वस्यां दिशि समागमत् । \TU/TiroD
evanagariSanskrit(0)/b/n/10.95 चित्रः\TU/TiroDevanagariSanskrit(0)/
m/n/10.95 = महनीयः, \TU/TiroDevanagariSanskrit(0)/b/n/10.95 प्
रकेतः\TU/TiroDevanagariSanskrit(0)/m/n/10.95 =
 []

[22]
Underfull \hbox (badness 1478) in paragraph at lines 801--802
\TU/TiroDevanagariSanskrit(0)/m/n/10.95 उषायै कृष्णवर
्णयुता रात्रिः स्थानं दत्तवत
ी । सूर्येण सह समानसम्बन्धयु
ते विनाशरहिते
 []

[23]
Underfull \hbox (badness 3623) in paragraph at lines 837--838
[]\TU/TiroDevanagariSanskrit(0)/b/n/10.95 भास्वती\TU/TiroDevanaga
riSanskrit(0)/m/n/10.95 = विशिष्टप्रकाशनयुत
ा \TU/TiroDevanagariSanskrit(0)/b/n/10.95 सूनृतानाम्\TU/T
iroDevanagariSanskrit(0)/m/n/10.95 = वाचाम् \TU/TiroDevanagariSansk
rit(0)/b/n/10.95 नेत्री\TU/TiroDevanagariSanskrit(0)/m/n/10.95 = 
उत्पादयित्री, उषायाः
 []

[24] [25] [26] [27] [28] [29] [30]
Underfull \hbox (badness 2393) in paragraph at lines 1017--1018
[]\TU/TiroDevanagariSanskrit(0)/m/n/10.95 देवी उषाः \TU/TiroDev
anagariSanskrit(0)/b/n/10.95 पूरा= \TU/TiroDevanagariSanskrit(0)/m/n/10
.95 पूर्वस्मिन् काले \TU/TiroDevanagariSanskrit(0
)/b/n/10.95 शश्वत्= \TU/TiroDevanagariSanskrit(0)/m/n/10.95 सत
तम् \TU/TiroDevanagariSanskrit(0)/b/n/10.95 व्युवास\TU/Tiro
DevanagariSanskrit(0)/m/n/10.95 = व्यौच्छत्, अन्धक
ारं
 []

[31]
Underfull \hbox (badness 10000) in paragraph at lines 1057--1058
[]\TU/TiroDevanagariSanskrit(0)/b/n/10.95 पोष्या\TU/TiroDevanagariS
anskrit(0)/m/n/10.95 = यावज्जीवं पोषणसमर्थ
ानि \TU/TiroDevanagariSanskrit(0)/b/n/10.95 वार्याणि\TU/T
iroDevanagariSanskrit(0)/m/n/10.95 = वरणीयानि धनानि \
TU/TiroDevanagariSanskrit(0)/b/n/10.95 आवहन्ती\TU/TiroDevanagariS
anskrit(0)/m/n/10.95 =
 []

[32] [33] [34] [35] [36]
Underfull \hbox (badness 3895) in paragraph at lines 1179--1180
\TU/TiroDevanagariSanskrit(0)/m/n/10.95 प्रारम्भिकस्
वरूपं प्राप्यते । ऋग्वेदे यम
यमीसंवादः, सोमसूर्यासंवादः, 
इन्द्रवरुणसंवादः,
 []

[37] [38] [39] [40] [41] [42]
! Missing $ inserted.
<inserted text> 
                $
l.1317 ... गरिरहेका छौ ।[^
                                                  1]
I've inserted a begin-math/end-math symbol since I think
you left one out. Proceed, with fingers crossed.

! Missing $ inserted.
<inserted text> 
                $
l.1318 
       
I've inserted a begin-math/end-math symbol since I think
you left one out. Proceed, with fingers crossed.

[43] [44] [45]
Underfull \hbox (badness 4353) in paragraph at lines 1373--1374
[]\TU/TiroDevanagariSanskrit(0)/m/n/10.95 {पुरूरवसः कथन
म्-} अन्तरिक्षप्राम्= स्वतेजस
ान्तरिक्षस्य पूरयित्रीं तथा 
रजसः=
 []

[46]
Underfull \hbox (badness 1043) in paragraph at lines 1409--1410
[]\TU/TiroDevanagariSanskrit(0)/m/n/10.95 पृथ्वीसूक्तम
िदमथर्ववेदस्य शौनकीयसंहिता
या द्वादशकाण्डान्तर्गतं प्र
थमं सूक्तमस्ति ।
 []

[47] [48]
Underfull \hbox (badness 3354) in paragraph at lines 1447--1448
\TU/TiroDevanagariSanskrit(0)/m/n/10.95 ‌ओषधीः= आमयनाश
िनीर्हरितक्यादिनीः सत्त्वव
िवर्धिनीर्गोधूमधान्यादिनीश
्चैता उभयविधा
 []


Underfull \hbox (badness 10000) in paragraph at lines 1451--1452
[]\TU/TiroDevanagariSanskrit(0)/m/n/10.95 देवैर्मुनिभि
श्च पृथिव्यां सांसारिकेषु कर
्मबन्धनेषु निबद्धानां साधार
णमनुष्याणां
 []


Underfull \hbox (badness 1668) in paragraph at lines 1451--1452
\TU/TiroDevanagariSanskrit(0)/m/n/10.95 कृते बाधारहित
ानि विविधानि पुण्यानि स्थाना
नि स्थापितानि सन्ति। या अनेक
विधान्
 []

[49]
Underfull \hbox (badness 2073) in paragraph at lines 1467--1468
\TU/TiroDevanagariSanskrit(0)/m/n/10.95 तत्प्रभावेण य
स्याम्= भूम्याम् कृष्टयः= मनु
ष्याः अन्नम्= गोधूमधान्यादिक
म् संवभूबुः=
 []

[50] [51] [52]
Underfull \hbox (badness 10000) in paragraph at lines 1547--1548
[]\TU/TiroDevanagariSanskrit(0)/m/n/10.95 विश्वदानीम्= 
सर्वस्याभिमतस्य दात्रीम्, भू
मिम्= भूमगुणवतीम् (एकस्य
 []


Underfull \hbox (badness 5622) in paragraph at lines 1547--1548
\TU/TiroDevanagariSanskrit(0)/m/n/10.95 बीजस्यानन्तफ
लदातृत्वात्) यां पृथ्वीम्= भू
मिम्, अस्वप्नाः= स्वापो निद्र
ा तद्रहिताः,
 []


Underfull \hbox (badness 1917) in paragraph at lines 1547--1548
\TU/TiroDevanagariSanskrit(0)/m/n/10.95 सा= पृथ्वी नोऽ
स्मभ्यम्, प्रियम्= अभीप्सितम
्, मधुु= मधुरं फलम्, दुहाम्= दोग
्धु ।
 []


Underfull \hbox (badness 2503) in paragraph at lines 1569--1570
\TU/TiroDevanagariSanskrit(0)/m/n/10.95 हिरण्याक्षाद
यः, मायाभिः= प्रकृष्टज्ञानैः, 
अन्वचरन्= भूम्याः सविधे सलिल 
एवासीदन्
 []

[53]
Underfull \hbox (badness 2653) in paragraph at lines 1589--1590
[]\TU/TiroDevanagariSanskrit(0)/m/n/10.95 यस्याम्= पृथि
व्याम् परिचराः= स्रोतस्यः (नि
र्झरिण्यः) आपः= वारीणि समानीः=
 []

[54] [55]
Underfull \hbox (badness 2680) in paragraph at lines 1633--1634
\TU/TiroDevanagariSanskrit(0)/m/n/10.95 वा हिमवन्तः= ह
िमयुताः शीतलाः सन्तु । ते= तव 
अरण्यम्= सिंहव्याघ्रचौरादिभ
िया
 []


Underfull \hbox (badness 1286) in paragraph at lines 1655--1656
\TU/TiroDevanagariSanskrit(0)/m/n/10.95 अभयदातृत्वेन 
पुराणेषु स्मृतत्त्वाच्चेति 
। तथा ते= तव पृथिव्या याः ऊर्ज
ः= बलदातॄणि,
 []


Underfull \hbox (badness 5260) in paragraph at lines 1655--1656
\TU/TiroDevanagariSanskrit(0)/m/n/10.95 प्राणदातॄणि (‘
ऊर्ज बलप्राणनयोः’ आध्यात्मि
कधिदैविकाधिभौतिकाख्यतापत्र
योपशमनेन
 []

[56] [57]
Underfull \hbox (badness 1527) in paragraph at lines 1697--1698
\TU/TiroDevanagariSanskrit(0)/m/n/10.95 सर्वत उपक्षिण
ोति । यश्च जनः नः= अस्मान् वधे
न= शारीरिकव्यापारेण अभिदासात
्=
 []

[58]
Underfull \hbox (badness 10000) in paragraph at lines 1723--1724
[]\TU/TiroDevanagariSanskrit(0)/m/n/10.95 हे पृथिवि ! त्
वयि समुद्भूता मरणशीलाः प्राण
िनस्त्वत्प्रदेशेषु सञ्चरन्
ति ।
 []


Underfull \hbox (badness 4673) in paragraph at lines 1723--1724
\TU/TiroDevanagariSanskrit(0)/m/n/10.95 त्वं द्विपदयु
ताञ्चतुष्पदयुतान् प्राणिनो 
धारयसि पोषयसि वा । एवमेव दृग्
बुद्धिप्रत्यक्षा
 []


Underfull \hbox (badness 2418) in paragraph at lines 1723--1724
\TU/TiroDevanagariSanskrit(0)/m/n/10.95 ब्राह्मण-क्षत
्रिय-वैश्य-शूद्र-निषादाख्याः,
गन्धर्व-पित्र-सुर-देव-रक्षां
सीति वा पञ्चमानवास्त्वयि
 []

[59]
Underfull \hbox (badness 1454) in paragraph at lines 1759--1760
[]\TU/TiroDevanagariSanskrit(0)/m/n/10.95 (वयम्) विश्वहा= 
सर्वेषु अहसु, सर्वदा इत्यर्थ
ः । विश्वस्वम्= सर्वेषामपि प्
राणिनां
 []

[60]
Underfull \hbox (badness 1371) in paragraph at lines 1781--1782
\TU/TiroDevanagariSanskrit(0)/m/n/10.95 जातासि । ते= तव 
वेगः= गमनसामर्थ्यं महान् अस्
ति । (यावद्धि सूर्यः एकस्मिन् 
वर्षेे
 []

[61]
Underfull \hbox (badness 3312) in paragraph at lines 1801--1802
\TU/TiroDevanagariSanskrit(0)/m/n/10.95 फलपाकान्ता, इत
्युक्तेः फलपाकान्तासु धान्य
गोधूमाद्योषधीषु च) अग्निः= वह
्निरस्ति ।
 []

[62] [63]
Underfull \hbox (badness 10000) in paragraph at lines 1839--1840
[]\TU/TiroDevanagariSanskrit(0)/m/n/10.95 अग्निवासाः= अ
ग्निरिव वासः स्थितिर्यस्याः 
सा (यथा ह्यग्निरङ्गीकृते पदा
र्थे
 []


Underfull \hbox (badness 1062) in paragraph at lines 1861--1862
[]\TU/TiroDevanagariSanskrit(0)/m/n/10.95 मनुष्याः= मनन
ेन कार्यकारिणः पुरुषाः, भूम्
याम्= पृथिव्यामधिकरणे, अरङ्‍
कृतम्=
 []


Underfull \hbox (badness 2088) in paragraph at lines 1865--1866
[]\TU/TiroDevanagariSanskrit(0)/m/n/10.95 सद्विचारयुता
ः पुरुषाः पृथिव्यां स्थिताः 
सन्तः सुसंस्कृतं हव्यं देवेभ
्यः समर्पयन्ति।
 []


Underfull \hbox (badness 10000) in paragraph at lines 1865--1866
\TU/TiroDevanagariSanskrit(0)/m/n/10.95 तथा भूम्यामेव 
स्थिता मनुष्याः पितृप्रदेयभ
ागेन मनुष्य-पशु-पक्ष्यादिप्र
देयभागेन च
 []


Underfull \hbox (badness 1852) in paragraph at lines 1865--1866
\TU/TiroDevanagariSanskrit(0)/m/n/10.95 पितृ-नर-पशु-पक
्ष्यादिकान् आजीवयन्ति। तादृ
शी भूमिरस्माकं प्राणान् आयुश
्च दधातु ।
 []

[64] [65]
Underfull \hbox (badness 1014) in paragraph at lines 1905--1906
[]\TU/TiroDevanagariSanskrit(0)/m/n/10.95 हे पृथिवि ! यः 
पूर्ववर्णितः, ते= तव विशेषगुण
ो गन्धः, पुष्करम्= कमलपुष्पम्,
 []

[66]
Underfull \hbox (badness 6188) in paragraph at lines 1933--1934
[]\TU/TiroDevanagariSanskrit(0)/m/n/10.95 हे पृथिवि ! यस
्ते गन्धरूपो विशेषगुणः स्त्र
ीपुरुषेष्वस्ति, तेन पुरुषव्य
क्तिषु
 []


Underfull \hbox (badness 3536) in paragraph at lines 1933--1934
\TU/TiroDevanagariSanskrit(0)/m/n/10.95 स्त्रीणां भोग
्यत्वमभिलाषश्च भवति । यो गन्
धोऽश्वेषु वीरपुरुषेषु च विद्
यते । एवमेव
 []

[67] [68] [69]
Underfull \hbox (badness 4621) in paragraph at lines 2013--2014
\TU/TiroDevanagariSanskrit(0)/m/n/10.95 वयं तव परितः अ
वतिष्ठेम । कीदृशीं विमृग्वरी
मित्युच्यते- सर्वबीजानां सहन
शीलाम्
 []


Underfull \hbox (badness 1521) in paragraph at lines 2029--2030
[]\TU/TiroDevanagariSanskrit(0)/m/n/10.95 हे पृथिवि ! नः= 
अस्माकम्, तन्वे= वपुरर्थे शरी
रसन्धारणाय, शुद्धाः= निर्दुष
्टाः,
 []

[70] [71]
Underfull \hbox (badness 6110) in paragraph at lines 2071--2072
[]\TU/TiroDevanagariSanskrit(0)/m/n/10.95 हे भूमे ! नः= अस
्मान् स्तोतॄन्, पश्चात्= पश्च
प्रदेशात्, मा नुदिष्ठाः= मा
 []


Underfull \hbox (badness 10000) in paragraph at lines 2071--2072
\TU/TiroDevanagariSanskrit(0)/m/n/10.95 प्रेरयेः ‘अस्
मान् मा अपसारय इत्यर्थः’ (पश्
चादित्यादिदिग्वाचिनः शब्दा
ः, परमत्र
 []


Underfull \hbox (badness 10000) in paragraph at lines 2071--2072
\TU/TiroDevanagariSanskrit(0)/m/n/10.95 सामर्थ्यात्त
त्तदिगवस्थितदेशपरतयोन्नेया
ः, दिशां विभुत्वात्ततो नोदना
नुपपत्तेः) ततश्च
 []


Underfull \hbox (badness 1142) in paragraph at lines 2071--2072
\TU/TiroDevanagariSanskrit(0)/m/n/10.95 पाश्चात्त्यप
्रदेशेभ्यो मा प्रेरयेः । (देश
तः प्रेरणं हि ततोऽपसारणं तन्
मा कार्षीः) पुरस्तात्=
 []

[72] [73] [74]
Underfull \hbox (badness 4120) in paragraph at lines 2157--2158
[]\TU/TiroDevanagariSanskrit(0)/m/n/10.95 हे भूमे ! ग्री
ष्मः (ज्येष्ठाषाढौ) वर्षाः (श्
रावणभाद्रौ) शरद् (आश्विनकार्
तिकौ)
 []

[75]
Underfull \hbox (badness 2253) in paragraph at lines 2175--2176
\TU/TiroDevanagariSanskrit(0)/m/n/10.95 हूयमानत्वाज्
जलेऽग्निवासः इष्ट एव । अग्नि
जन्यत्वादपां कारणगुणानामनु
वर्तमानत्वात् ।)
 []


Underfull \hbox (badness 2020) in paragraph at lines 2175--2176
\TU/TiroDevanagariSanskrit(0)/m/n/10.95 तेभ्योऽग्निभ
्यो देवपीयून्= देवविद्वेषिणः, 
दस्यून्= उपहिंसयितॄणि भूतानि, 
परा ददति=
 []

[76] [77]
Underfull \hbox (badness 3884) in paragraph at lines 2239--2240
\TU/TiroDevanagariSanskrit(0)/m/n/10.95 अभिलषामः, तत् 
आदिशतु= प्रयच्छतु । तदर्थं भग
ो= देवः अनुप्रयुङ्‌क्ताम्= भू
म्या
 []


Underfull \hbox (badness 10000) in paragraph at lines 2239--2240
\TU/TiroDevanagariSanskrit(0)/m/n/10.95 धनप्रदानेऽस्
मदानुकूल्येनोद्योगं कुर्या
त् । पुरोगवः= इन्द्रश्च एतु= आ
गच्छतु, भूम्या
 []

[78]
Underfull \hbox (badness 1708) in paragraph at lines 2261--2262
\TU/TiroDevanagariSanskrit(0)/m/n/10.95 युद्धायेत्या
क्रन्दः, रणसूचको दुन्दुभिः= व
ाद्यविशेषः, वदति= उद्घोष्यते 
। सा= एवंविधा
 []

[79]
Underfull \hbox (badness 10000) in paragraph at lines 2285--2286
[]\TU/TiroDevanagariSanskrit(0)/m/n/10.95 यस्यां पृथव्
यां व्रीहियवादीनि अन्नानि सञ
्जायन्ते । यस्मादन्नात् पञ्च 
प्रकाराः
 []


Underfull \hbox (badness 10000) in paragraph at lines 2301--2302
[]\TU/TiroDevanagariSanskrit(0)/m/n/10.95 यस्याः= पृथिव
्याः देवकृताः= देवैः स्वविशे
षकार्येण कृताः= निर्मिताः,
 []


Underfull \hbox (badness 10000) in paragraph at lines 2301--2302
\TU/TiroDevanagariSanskrit(0)/m/n/10.95 पुरः= काशीमथुर
ायोध्याकाञ्च्यादीनि नगराणि 
सन्ति । यस्याश्च क्षेत्रे= पु
ण्यप्रदेशे
 []


Underfull \hbox (badness 1400) in paragraph at lines 2301--2302
\TU/TiroDevanagariSanskrit(0)/m/n/10.95 पुण्यक्षेत्र
त्वेनाभिमते भूभागे (पापानि) व
िकुर्वते= नष्टानि भवन्ति । तद
ेवं विश्वगर्भाम्=
 []

[80] [81]
Underfull \hbox (badness 1005) in paragraph at lines 2341--2342
[]\TU/TiroDevanagariSanskrit(0)/m/n/10.95 विवाचसम्= विव
िधभाषाभाषिणम्, नानाधर्माणम्= 
नैकविधमर्यादावन्तम्, बहुधा=
 []


Underfull \hbox (badness 1888) in paragraph at lines 2345--2346
[]\TU/TiroDevanagariSanskrit(0)/m/n/10.95 विविधभाषायुत
ान्, विविधधर्मयुतान् च जनान् 
यथास्थानं धारयन्ती पृथिवी यथ
ा
 []

[82] [83] [84] [85] [86]
Underfull \hbox (badness 1142) in paragraph at lines 2471--2472
\TU/TiroDevanagariSanskrit(0)/m/n/10.95 उड्‍डीयन्ते । 
यत्र रजांसि नयन्, वृक्षान् पा
तयन् अन्तरिक्षगतो वायुः प्रच
लति । तस्याः
 []

[87] [88]
Underfull \hbox (badness 1655) in paragraph at lines 2529--2530
\TU/TiroDevanagariSanskrit(0)/m/n/10.95 सर्वदेशीयस्य
ापि विरोधिनो जनस्याभिभविता, 
आशामाशाम्= प्रतिदिशम्, (विद्य
मानानां
 []

[89] [90]
Underfull \hbox (badness 6691) in paragraph at lines 2569--2570
\TU/TiroDevanagariSanskrit(0)/m/n/10.95 जननिवासस्थान
ानि, यच्च अरण्यम्= वनम्, याः सभ
ाः= शास्त्रीयचर्चास्थलानि, य
े
 []


Underfull \hbox (badness 10000) in paragraph at lines 2569--2570
\TU/TiroDevanagariSanskrit(0)/m/n/10.95 समानगमनविधाय
िन्यः सामाजिकविचारपर्षदादय
श्च सन्ति, तेषु= सर्वेष्वपि ते=
 []


Underfull \hbox (badness 1348) in paragraph at lines 2573--2574
\TU/TiroDevanagariSanskrit(0)/m/n/10.95 समायोजिताः सभ
ाः, ये परस्परश्रेष्ठतायाः पर
ीक्षणे सञ्जाताः सङ्‍ग्रामाः, 
याश्च धर्मसभाः
 []


Underfull \hbox (badness 1448) in paragraph at lines 2589--2590
\TU/TiroDevanagariSanskrit(0)/m/n/10.95 अश्वः= घोटकः, र
जः= धूलिम् यथा धुनुते तथा विदु
धुवे, अर्थाद् विशेषेण कम्पया
मि
 []


Underfull \hbox (badness 1400) in paragraph at lines 2593--2594
\TU/TiroDevanagariSanskrit(0)/m/n/10.95 प्रगतिदायिनी, 
भुवनरक्षिका, वनस्पतीः गोधूमा
दीन् च धारयित्री पृथिवी यस्य 
कारणेन
 []

[91] [92]
Underfull \hbox (badness 4765) in paragraph at lines 2649--2650
[]\TU/TiroDevanagariSanskrit(0)/m/n/10.95 अन्तरर्णवे‍= 
समुद्रमध्ये रजसि= जले प्रविष
्टाम्= अन्तर्हिताम्, याम्= पृथ
िवीम्,
 []


Underfull \hbox (badness 1122) in paragraph at lines 2649--2650
\TU/TiroDevanagariSanskrit(0)/m/n/10.95 विश्वकर्मा= ना
नाविधक्रियाकुशलो विष्णुर्द
ेवः, हविषा= कर्मणा अन्वैच्छत्= 
अन्विष्टवान्
 []


Underfull \hbox (badness 1728) in paragraph at lines 2649--2650
\TU/TiroDevanagariSanskrit(0)/m/n/10.95 समुद्दधारेति 
भावः । तथा यत् भुजिष्यम्= भोगस
ाधनम्, पात्रम्= स्नेहात्मकम्, 
गुहा=
 []


Underfull \hbox (badness 6348) in paragraph at lines 2649--2650
\TU/TiroDevanagariSanskrit(0)/m/n/10.95 समानदेशिकत्व
ादेकभूमिकमातृमद्भ्यः कृते क
ार्यकाले आविर्भवत्येव । सर्व
ोऽपि जनः
 []

[93] [94]
Underfull \hbox (badness 1609) in paragraph at lines 2689--2690
\TU/TiroDevanagariSanskrit(0)/m/n/10.95 लोहपात्रे स्थ
ापिता इत्यर्थः। अस्मभ्यम्= स
्तोतृभ्यः सन्तु= जायन्ताम् । 
तथा वयं नः=
 []

[95]
Underfull \hbox (badness 3803) in paragraph at lines 2719--2720
[]\TU/TiroDevanagariSanskrit(0)/m/it/10.95 प्रस्तुत अथर
्ववेदीय पृथिवीसूक्तको शब्दा
र्थ, संस्कृत भावार्थ र नेपाली 
भावार्थ
 []


Underfull \hbox (badness 10000) in paragraph at lines 2719--2720
\TU/TiroDevanagariSanskrit(0)/m/it/10.95 गोपालचन्द्रश
ास्त्रीद्वारा सम्पादित सूक्
तरत्नसङ्‌ग्रहमा सङ्कलित ज्य
ोत्स्नाविवृतिसहित
 []

[96] [97]
Underfull \hbox (badness 3078) in paragraph at lines 2791--2792
\TU/TiroDevanagariSanskrit(0)/m/n/10.95 ततो नवीनदन्तो
त्पत्तेरनन्तरम्, ततः क्षत्रि
यसंस्कारानन्तरं पुत्रं यजाम
ीति विलम्बयति ।
 []

[98]
Underfull \hbox (badness 1466) in paragraph at lines 2795--2796
\TU/TiroDevanagariSanskrit(0)/m/n/10.95 विद्यन्ते । लो
के मध्यमपुत्रस्य महत्त्वहीन
त्वबोधार्थं शुनःशेपस्याख्य
ानं लोककथारूपेणापि
 []

[99] [100] [101] [102] [103] [104] [105]
Underfull \hbox (badness 7379) in paragraph at lines 2981--2982
[]\TU/TiroDevanagariSanskrit(0)/m/n/10.95 पुत्रनिमित्त
लाभप्रतिपादिका नारदोक्ता दश 
गाथा उदाहृत्य पुत्रजन्मोपाय
ोपदेशपरं
 []

[106] [107]
Underfull \hbox (badness 1028) in paragraph at lines 3017--3018
[]\TU/TiroDevanagariSanskrit(0)/m/n/10.95 दशदिनाशौचापग
मे शुद्धत्वाद् यथा यागयोग्यत
्वम्, तथा दन्तोत्पन्नत्वादवय
वसम्पूर्त्या
 []


Underfull \hbox (badness 4739) in paragraph at lines 3027--3028
[]\TU/TiroDevanagariSanskrit(0)/m/n/10.95 अज्ञत वै= जाता 
एव । पद्यन्ते= पतन्ति । प्रथमो
त्पन्नानां दन्तानामस्थायित
्वेन
 []

[108]
Underfull \hbox (badness 1102) in paragraph at lines 3055--3056
[]\TU/TiroDevanagariSanskrit(0)/b/n/10.95 स ह सन्नाहं प्
रापत्, तं होवाच- सन्नाहं नु प्
राप्नोद्यजस्व माऽनेनेति, स त
थेत्युक्त्वा
 []

[109] [110] [111]
Underfull \hbox (badness 1360) in paragraph at lines 3125--3126
[]\TU/TiroDevanagariSanskrit(0)/m/n/10.95 भगः= सौभाग्यम
्, आसीनस्य= उपविष्टस्य आस्ते= 
तथैव तिष्ठति, न तु वर्धते ।
 []

[112]
Underfull \hbox (badness 5533) in paragraph at lines 3141--3142
[]\TU/TiroDevanagariSanskrit(0)/m/n/10.95 पुरुषस्य चतस
्रोऽवस्था भवन्ति- निद्रा, तत्
परित्यागः, उत्थानम्, सञ्चरणञ
्चेति ।
 []

[113] [114] [115]
Underfull \hbox (badness 7522) in paragraph at lines 3219--3220
[]\TU/TiroDevanagariSanskrit(0)/m/n/10.95 उपाकृताय= मेध
्यरूपेण सुसंस्कृताय, नियुक्त
ाय= यूपे स्थापिताय, आप्रीताय=
 []


Underfull \hbox (badness 1436) in paragraph at lines 3219--3220
\TU/TiroDevanagariSanskrit(0)/m/n/10.95 आप्रीसंज्ञित
ाभिरेकादशभिः प्रयाज-याज्याभ
िर्यद् यजनं तद् आप्रीकरणम्, प
र्यग्निकृताय=
 []

[116]
Underfull \hbox (badness 3895) in paragraph at lines 3229--3230
\TU/TiroDevanagariSanskrit(0)/m/n/10.95 ‘अन्यत्र पर्य
ग्निकृतं पुरुषमारण्यांश्चो
त्सृजन्त्यहिंसायै’ इति श्रु
तेः पर्यग्निकरणादूर्ध्वं मन
ुष्यं
 []


Underfull \hbox (badness 10000) in paragraph at lines 3237--3238
[]\TU/TiroDevanagariSanskrit(0)/b/n/10.95 तं प्रजापतिर
ुवाचाग्निर्वै देवानां नेदिष
्ठस्तमेवोपधावेति सोऽग्निमु
पससाराग्नेर्वर्यं
 []


Underfull \hbox (badness 2057) in paragraph at lines 3251--3252
[]\TU/TiroDevanagariSanskrit(0)/m/n/10.95 प्रसवानाम्= स
र्वेषु कार्येषु प्रेरणारूपा
नामनुज्ञानात् सविता ईशे‍= स्
वामी भवति ।
 []

[117]
Underfull \hbox (badness 5862) in paragraph at lines 3265--3266
[]\TU/TiroDevanagariSanskrit(0)/m/n/10.95 सविता शुनःशे
पमुवाच- हे शुनःशेप ! वरुणार्थं 
त्वं यूपे बद्धोऽसि । अतो
 []


Underfull \hbox (badness 4634) in paragraph at lines 3265--3266
\TU/TiroDevanagariSanskrit(0)/m/n/10.95 वरुणमुपास्स्
वेति । सवित्रोक्तः सः पूर्वस
्मात् सवितृविषयात् तृचाद् उत
्तराभिरेकत्रिंशत्
 []

[118]
Underfull \hbox (badness 2088) in paragraph at lines 3305--3306
\TU/TiroDevanagariSanskrit(0)/m/n/10.95 --’ इत्यनेन सप्
तर्चेन सूक्तेन उत्तरस्मिन्न
पि ‘आ व इन्द्रम्--’ इत्यादिके 
द्वाविंशत्यृचे सूक्ते
 []

[119]
Underfull \hbox (badness 10000) in paragraph at lines 3311--3312
[]\TU/TiroDevanagariSanskrit(0)/m/n/10.95 पूर्वमप्यनुग
्रहेण चरैवेत्येवमिन्द्रो रो
हितं प्रत्युपदिदेश । तस्योपद
ेशस्य
 []

[120]
Underfull \hbox (badness 10000) in paragraph at lines 3361--3362
[]\TU/TiroDevanagariSanskrit(0)/b/n/10.95 तमृत्विज ऊचु
स्त्वमेव नोऽस्याह्नः संस्था
मधिगच्छेत्यथ हैतं शुनःशेपोऽ
ञ्जः
 []


Underfull \hbox (badness 10000) in paragraph at lines 3361--3362
\TU/TiroDevanagariSanskrit(0)/b/n/10.95 सर्वं ददर्श तम
ेताभिश्चतसृभिरभिसुषाव, यच्च
िद्धि त्वं गृहे गृह इत्यथैनं
 []


Underfull \hbox (badness 10000) in paragraph at lines 3361--3362
\TU/TiroDevanagariSanskrit(0)/b/n/10.95 द्रोणकलशमभ्य
वनिनायोच्छिष्टं चम्वोर्भरे
त्येतयर्चाऽथ हास्मिन्नन्वा
रब्धे पूर्वाभिश्चतसृभिः
 []


Underfull \hbox (badness 10000) in paragraph at lines 3361--3362
\TU/TiroDevanagariSanskrit(0)/b/n/10.95 स स्वाहाकाराभ
िर्जुहवाञ्चकाराथैनमवभृथमभ्
यवनिनाय, ‘त्वं नो अग्ने वरुणस
्य
 []


Underfull \hbox (badness 10000) in paragraph at lines 3361--3362
\TU/TiroDevanagariSanskrit(0)/b/n/10.95 विद्वानित्ये
ताभ्यामथैनमत ऊर्ध्वमग्निमा
हवनीयमुपस्थापयाञ्चकार’ शुन
श्चिच्छेपं निदितं
 []


Underfull \hbox (badness 1028) in paragraph at lines 3363--3364
\TU/TiroDevanagariSanskrit(0)/m/n/10.95 स्वाहाकारसहि
ताभिः सोमं जुहवाञ्चकार । अथ= ह
ोमानन्तरमेव कर्तव्यमवभृथमभ
िलक्ष्य
 []

[121] [122] [123]
Underfull \hbox (badness 1163) in paragraph at lines 3429--3430
\TU/TiroDevanagariSanskrit(0)/m/n/10.95 पुत्रोऽजीगर्
तो भीम एव= भयहेतुरेव सञ्शासेन 
हस्तगतखड्‌गेन स विशिशासिषुर
स्थात्=
 []

[124] [125]
Underfull \hbox (badness 5622) in paragraph at lines 3475--3476
\TU/TiroDevanagariSanskrit(0)/m/n/10.95 प्राप्तेषु त्
वदीयपुत्रेषु सर्वोऽपि मां ब्
रूयात्, ज्येष्ठभ्रातृत्वेन व
्यवहरतु । तच्च मे= मम
 []

[126]
Underfull \hbox (badness 10000) in paragraph at lines 3503--3504
[]\TU/TiroDevanagariSanskrit(0)/m/n/10.95 तत्= तेष्वेकश
तसङ्‌ख्याकेषु पुत्रेषु मध्य
े ये ज्यायांसः= मधुच्छन्दसो ज
्येष्ठाः
 []


Underfull \hbox (badness 7238) in paragraph at lines 3503--3504
\TU/TiroDevanagariSanskrit(0)/m/n/10.95 नाङ्‌गीकृतवन
्तः । तान्= पञ्चादशसङ्‌ख्यका
न् ज्येष्ठाननुलक्ष्य विश्वा
मित्रो व्याजहार=
 []

[127]
Underfull \hbox (badness 2951) in paragraph at lines 3517--3518
\TU/TiroDevanagariSanskrit(0)/m/n/10.95 “हे शुनःशेप ! अ
स्माकं पिता विश्वामित्रो यत्
कार्यं त्वदीयज्येष्ठपुत्रत
्वरूपं सञ्जानीते=
 []


Underfull \hbox (badness 4713) in paragraph at lines 3517--3518
\TU/TiroDevanagariSanskrit(0)/m/n/10.95 सम्यग्जानात्
यङ्‌गीकरोति तस्मिन् कार्ये व
यं तिष्ठामहे= तत्कार्यमङ्‌गी
कुर्मः । सर्वे वयं
 []


Underfull \hbox (badness 1466) in paragraph at lines 3517--3518
\TU/TiroDevanagariSanskrit(0)/m/n/10.95 त्वा= शुनःशेपन
ामानं त्वाम्, पुरस्कुर्महे= प
ुरस्कृत्य ज्येष्ठं कृत्वा वर
्तामहे । त्वामन्वञ्च=
 []


Underfull \hbox (badness 10000) in paragraph at lines 3527--3528
[]\TU/TiroDevanagariSanskrit(0)/m/n/10.95 अथ= मधुच्छन्द
ःसहितानां पञ्चाशत्कनिष्ठपु
त्राणां शुनःशेपविषयज्येष्ठ
पुत्रत्वाङ्‌गी-
 []


Underfull \hbox (badness 2856) in paragraph at lines 3527--3528
\TU/TiroDevanagariSanskrit(0)/m/n/10.95 कारानन्तरम्, व
िश्वामित्रः प्रतीतः= तेषु प्
रत्ययं प्राप्तः, मदनुकूला इत
ि विश्वस्य प्रीत्या
 []


Underfull \hbox (badness 4048) in paragraph at lines 3539--3540
\TU/TiroDevanagariSanskrit(0)/m/n/10.95 कृतवन्तः । ते 
वै= तादृशा यूयं पुत्राः, पशुमन
्तः= बहुविधपशुधनयुताः, वीरमन
्तः=
 []

[128] [129]
Underfull \hbox (badness 1072) in paragraph at lines 3575--3576
\TU/TiroDevanagariSanskrit(0)/m/n/10.95 ये साकम्= देवर
ातेन सार्धम्, सरातयः= रातिर्ध
नसम्पत्तिस्तया युक्ताः सन्त
ो देवराताय=
 []


Underfull \hbox (badness 10000) in paragraph at lines 3587--3588
[]\TU/TiroDevanagariSanskrit(0)/m/n/10.95 अधियत= स्मृति
कारैर्महर्षिभिः स्मर्यते । क
थमिति तदुच्यते- अयं देवरातो
 []


Underfull \hbox (badness 10000) in paragraph at lines 3587--3588
\TU/TiroDevanagariSanskrit(0)/m/n/10.95 द्व्यामुष्या
यणत्वादुभयोरजीगर्तविश्वामि
त्रयोः सम्बन्धिनी ये रिक्थे= 
धने तयोर्ऋषिर्द्रष्टा
 []

[130]
Underfull \hbox (badness 10000) in paragraph at lines 3629--3630
[]\TU/TiroDevanagariSanskrit(0)/m/n/10.95 होत्रा प्रयु
क्ताया एकैकस्या ऋचोऽन्तेऽध्
वर्योरोमित्यतादृशः प्रतिगर
ो भवति ।
 []

[131]
Underfull \hbox (badness 4205) in paragraph at lines 3649--3650
[]\TU/TiroDevanagariSanskrit(0)/m/n/10.95 योऽयमाख्याता 
होता विद्यते, तस्मै क्रत्वर्
थदक्षिणामन्तरेणोपाख्यानप्र
युक्तां दक्षिणां
 []

[132]
Underfull \hbox (badness 10000) in paragraph at lines 3659--3660
[]\TU/TiroDevanagariSanskrit(0)/m/n/10.95 ये पुत्रकामा
ः सन्ति, ते ह= प्रसिद्धमेतदुपा
ख्यानम् आख्यापयेरन्=
 []


Underfull \hbox (badness 10000) in paragraph at lines 3677--3678
[]\TU/TiroDevanagariSanskrit(0)/m/n/10.95 ब्राह्मणग्रन
्थेषु शतपथब्राह्मणस्य वैशिष
्ट्यं सातिशयं विद्यते । शुक्
लयजुर्वेदस्य
 []


Underfull \hbox (badness 6300) in paragraph at lines 3677--3678
\TU/TiroDevanagariSanskrit(0)/m/n/10.95 ब्राह्मणग्रन
्थस्य नाम शतपथब्राह्मणमस्ति 
। शतपथब्राह्मणनाम्ना द्वे ब्
राह्मणे प्राप्येते ।
 []


Underfull \hbox (badness 1205) in paragraph at lines 3679--3680
\TU/TiroDevanagariSanskrit(0)/m/n/10.95 प्राचीनतमं मन
्यते । अयं ग्रन्थः प्रायशः सम
ग्रयज्ञयागानां साङ्गोपाङ्ग
ं विवरणं प्रस्तौति ।
 []


Underfull \hbox (badness 1052) in paragraph at lines 3679--3680
\TU/TiroDevanagariSanskrit(0)/m/n/10.95 यत्र तत्र वर्ण
िता आख्यायिका यज्ञविधिनियमा
दिशुष्कवर्णनेष्वपि सरसतामा
विष्कुवन्ति ।
 []

[133] [134] [135] [136] [137] [138] [139] [140]
Underfull \hbox (badness 3449) in paragraph at lines 3787--3788
[]\TU/TiroDevanagariSanskrit(0)/b/n/10.95 सा होवाच- गन्ध
र्वा वै ते प्रातर्वरं दातारः 
। तं वृणासा इति । तं वै त्वमेव
 []

[141]
Underfull \hbox (badness 1163) in paragraph at lines 3805--3806
[]\TU/TiroDevanagariSanskrit(0)/m/n/10.95 आगमनप्रयोजनं 
जानानास्ते गन्धर्वाः ऊचुः- च
ातुष्प्राश्यम्= चतुर्भिर्ऋग
्भिः प्राशनीयं
 []


Underfull \hbox (badness 10000) in paragraph at lines 3805--3806
\TU/TiroDevanagariSanskrit(0)/m/n/10.95 मूलादारभ्यान
्तपर्यन्तम् आज्येनाक्त्वा स
मिद्वतिभिः=समित्पदयुक्ताभि
ः घृतवतीभिः=
 []


Underfull \hbox (badness 5548) in paragraph at lines 3815--3816
[]\TU/TiroDevanagariSanskrit(0)/m/n/10.95 ते=गन्धर्वाः 
पुनर्विचार्य ऊचुः- यदेतत्= अश
्वत्थसमिदाधानेनाग्नेः पुनः 
सम्पादनम्
 []

[142]
Underfull \hbox (badness 5091) in paragraph at lines 3825--3826
[]\TU/TiroDevanagariSanskrit(0)/m/n/10.95 ते= गन्धर्वाः 
पुनरप्यूचुः- अधरारण्युत्तरा
रण्योः वृक्षद्वयजत्वम् । एतत
्परोऽक्षमिव=
 []


Underfull \hbox (badness 10000) in paragraph at lines 3833--3834
[]\TU/TiroDevanagariSanskrit(0)/m/n/10.95 इत्थं गन्धर्
वैरुपदिष्टे सति पुरूरवाः आश्
वत्थीमेवोत्तरारणिं चक्रे= कृ
तवान् ।
 []


Underfull \hbox (badness 2818) in paragraph at lines 3833--3834
\TU/TiroDevanagariSanskrit(0)/m/n/10.95 आश्वत्थीमेवा
धरारणिं च चक्रे= कृतवान् । ततस
्ताभ्यां मन्थनात् सः= तादृशो
ऽग्निर्जज्ञे,
 []

[143]
Underfull \hbox (badness 1102) in paragraph at lines 3853--3854
\TU/TiroDevanagariSanskrit(0)/m/n/10.95 ज्ञानं लभ्यते 
। नैकासु उपनिषत्सु बृहदारण्य
कोपनिषदः स्वरूपं दीर्घकायात
्मकं विद्यते ।
 []

[144] [145] [146]
Underfull \hbox (badness 10000) in paragraph at lines 3901--3902
[]\TU/TiroDevanagariSanskrit(0)/m/n/10.95 स होवाच= अमृतत
्त्वसाधनं वैराग्यमुपदिदिक्
षुर्याज्ञवल्क्यो जायापतिपु
त्रादिभ्यो
 []

[147]
Underfull \hbox (badness 10000) in paragraph at lines 3913--3914
[]\TU/TiroDevanagariSanskrit(0)/m/n/10.95 ननु कथमन्यस्
मिन्विदितेऽन्यद्विदितं भवत
ि ? नैष दोषः, न हि
 []


Underfull \hbox (badness 4353) in paragraph at lines 3921--3922
[]\TU/TiroDevanagariSanskrit(0)/b/n/10.95 ब्रह्म तं परा
दाद्योऽन्यत्रात्मनो ब्रह्म 
वेद, क्षत्रं तं परादाद्योऽन्
यत्रात्मनः क्षत्रं वेद,
 []

[148] [149]
Underfull \hbox (badness 1199) in paragraph at lines 3963--3964
[]\TU/TiroDevanagariSanskrit(0)/m/n/10.95 तथा सः= द्विती
यो दृष्टान्तो यथा- शङ्‍खस्य= व
ाद्यविशेषस्य घ्मायमानस्य= शब
्देन
 []


Underfull \hbox (badness 2359) in paragraph at lines 3973--3974
\TU/TiroDevanagariSanskrit(0)/m/n/10.95 सामान्यबहुत्
वख्यापनार्थम्- अनेके हि विलक
्षणाचेतनाचेतनरूपाः सामान्य
विशेषाः, तेषां
 []


Underfull \hbox (badness 4303) in paragraph at lines 3973--3974
\TU/TiroDevanagariSanskrit(0)/m/n/10.95 पारम्पर्यगत्
या यथैकस्मिन्महासामान्येऽन
्तर्भावः प्रज्ञाघने; कथं नाम 
प्रदर्शयितव्य इति;
 []


Underfull \hbox (badness 10000) in paragraph at lines 3973--3974
\TU/TiroDevanagariSanskrit(0)/m/n/10.95 दुन्दुभिशङ्‍
खवीणाशब्दसामान्यविशेषाणां 
यथा शब्दत्वेऽन्तर्भावः, एवं 
स्थितिकाले
 []

[150]
Underfull \hbox (badness 2671) in paragraph at lines 3983--3984
[]\TU/TiroDevanagariSanskrit(0)/m/n/10.95 एवमुत्पत्तिक
ाले प्रागुत्पत्तेर्ब्रह्मै
वेति शक्यमवगन्तुम् । यथाग्ने
र्विस्फुलिङ्गधूमाङ्गारार्च
िषां
 []


Underfull \hbox (badness 10000) in paragraph at lines 3989--3990
[]\TU/TiroDevanagariSanskrit(0)/b/n/10.95 स यथार्द्रैध
ाग्नेरभ्याहितात्पृथग्धूमा 
विनिश्चरन्त्येवं वा अरेऽस्य 
महतो भूतस्य
 []


Underfull \hbox (badness 1424) in paragraph at lines 3993--3994
\TU/TiroDevanagariSanskrit(0)/m/n/10.95 मन्त्रजातम्, \TU/
TiroDevanagariSanskrit(0)/b/n/10.95 इतिहासः\TU/TiroDevanagariSans
krit(0)/m/n/10.95 - उर्वशीपुरूरवसोः संवा
दादिः ‘उर्वशी हाप्सराः’ इत्य
ादिब्राह्मणमेव,
 []


Underfull \hbox (badness 1173) in paragraph at lines 3993--3994
\TU/TiroDevanagariSanskrit(0)/m/n/10.95 वेदे यथा- ‘आत्
मेत्येवोपासीत’ (१।४।७) इत्या
दीनि, \TU/TiroDevanagariSanskrit(0)/b/n/10.95 अनुव्याख
्यानानि\TU/TiroDevanagariSanskrit(0)/m/n/10.95 - मन्त्
रविवरणानि,
 []

[151]
Underfull \hbox (badness 1142) in paragraph at lines 4003--4004
\TU/TiroDevanagariSanskrit(0)/m/n/10.95 प्रलयकाले च । 
जलबुद्‍बुदफेनादीनामिव सलिल
व्यतिरेकेणाभावः, एवं प्रज्ञा
नव्यतिरेकेण
 []

[152]
Underfull \hbox (badness 1748) in paragraph at lines 4013--4014
[]\TU/TiroDevanagariSanskrit(0)/m/n/10.95 तथा तदपि स्पर
्शसामान्यमात्रं त्वक्छब्दव
ाच्यं मनःसङ्‍कल्पे मनोविषयस
ामान्यमात्रे,
 []

[153] [154] [155] [156] [157] [158] [159] [160]
Underfull \hbox (badness 3724) in paragraph at lines 4171--4172
[]\TU/TiroDevanagariSanskrit(0)/m/n/10.95 अपरं प्रस्था
नं श्रीमद्भगवद्गीता विद्यते 
। यत्र उपनिषदि वर्णितानामध्य
ात्मतत्त्वानां
 []


Underfull \hbox (badness 2418) in paragraph at lines 4171--4172
\TU/TiroDevanagariSanskrit(0)/m/n/10.95 सारभूतोऽर्थः 
सन्निहितोऽस्ति । गीयते आत्मव
िद्योपदेशात्मिका ब्रह्मतत्
त्वोपदेशमयी कथा
 []


Underfull \hbox (badness 1577) in paragraph at lines 4171--4172
\TU/TiroDevanagariSanskrit(0)/m/n/10.95 यत्र सा गीता (श
ब्दकल्पद्रुमः) । गीतेति नाम्
ना ‘रामगीता’ ‘गणेशगीता’ इत्य
ाद्या नैकाः
 []


Underfull \hbox (badness 1418) in paragraph at lines 4175--4176
\TU/TiroDevanagariSanskrit(0)/m/n/10.95 भासमानानामुप
निषद्वाक्यानां समन्वयप्रदर
्शनपुरःसरं पर्यवसानं प्रदर्
शितं विद्यते । एवमेव
 []


Underfull \hbox (badness 1297) in paragraph at lines 4177--4178
[]\TU/TiroDevanagariSanskrit(0)/m/n/10.95 संस्कृतवाङ्‌
मये प्रस्थानत्रयी एव वैदिकधर
्मदर्शनाधारभूता मन्यते तथाप
ि प्राधान्येन
 []

[161]
Underfull \hbox (badness 10000) in paragraph at lines 4197--4198
[]\TU/TiroDevanagariSanskrit(0)/m/n/10.95 ईशावास्योपनि
षद् शुक्लयजुर्वेदान्तर्गता 
मन्त्रोपनिषद् । शुक्लयजुर्व
ेदसंहिताया
 []


Underfull \hbox (badness 10000) in paragraph at lines 4205--4206
[]\TU/TiroDevanagariSanskrit(0)/m/n/10.95 यो नरः केवलं स
्वार्थपूर्णं कार्यं करोति सो
ऽत्र किञ्चित् सुखमनुभवति, पर
ं
 []

[162]
Underfull \hbox (badness 2828) in paragraph at lines 4217--4218
[]\TU/TiroDevanagariSanskrit(0)/m/n/10.95 एवं प्रकारेण
ास्यामुपनिषदि चराचरजगति व्य
ापकस्य नियामकस्य ईशस्य वर्णन
म्,
 []


Underfull \hbox (badness 4673) in paragraph at lines 4231--4232
\TU/TiroDevanagariSanskrit(0)/m/n/10.95 (प्रलयकाले) पू
र्णात्= पूर्णब्रह्मणः पूर्णम
ेव= पूर्णरूपेणैव उदच्यते= जगद
ुत्पत्तिर्भवति।
 []


Underfull \hbox (badness 4254) in paragraph at lines 4231--4232
\TU/TiroDevanagariSanskrit(0)/m/n/10.95 पूर्णस्य= पूर्
णब्रह्मणः पूर्णम्= पूर्णत्वम
्, सर्वव्यापकत्वम्, आदाय= गृही
त्वा पूर्णमेव=
 []


Underfull \hbox (badness 5954) in paragraph at lines 4243--4244
\TU/TiroDevanagariSanskrit(0)/m/n/10.95 अस्तित्वयुता
ः सन्ति । अतो यस्य वस्तुनो जीव
नयापनार्थम् उपयोगः क्रियते त
स्य
 []

[163] [164] [165] [166]
Underfull \hbox (badness 10000) in paragraph at lines 4335--4336
\TU/TiroDevanagariSanskrit(0)/m/n/10.95 स्थूलपाञ्चभौ
तिकपदार्थरहितम्, शुद्धम्= दि
व्यसच्चिदानन्दस्वरूपम्, अपा
पविद्धम्=
 []


Underfull \hbox (badness 2951) in paragraph at lines 4335--4336
\TU/TiroDevanagariSanskrit(0)/m/n/10.95 व्यदधात्= चक्र
े, यथानुरूपं व्यभजदित्यर्थः 
। अर्थात् आदिकालादेव परमेश्व
रः सर्वान्
 []

[167] [168] [169] [170] [171]
Underfull \hbox (badness 2529) in paragraph at lines 4481--4482
\TU/TiroDevanagariSanskrit(0)/m/n/10.95 विद्यते। परब्
रह्म एव देवादीन् स्वकीयेषु क
ार्येषु संयोजयति । लोके जना च
र्मचक्षुषा
 []

[172] [173]
Underfull \hbox (badness 1838) in paragraph at lines 4507--4508
\TU/TiroDevanagariSanskrit(0)/m/n/10.95 बलम्, एवं पञ्च
कर्मेन्द्रियाणि चेति सर्वाण
ि इन्द्रियाणि चाप्यायन्तु= प
रिपुष्टानि भवन्तु,
 []

[174] [175] [176] [177]
Underfull \hbox (badness 2556) in paragraph at lines 4611--4612
[]\TU/TiroDevanagariSanskrit(0)/m/n/10.95 जुन तत्त्व प्
राणवायुद्वारा श्वासप्रश्वा
सरूप चेष्टायुक्त हुँदैन तर ज
सले प्राणवायुलाई
 []


Underfull \hbox (badness 3482) in paragraph at lines 4631--4632
\TU/TiroDevanagariSanskrit(0)/m/n/10.95 ‘स्वकीयमात्म
तत्त्वम्, इन्द्रादिदेवात्मक
मात्मतत्त्वञ्च एकमेवेति यदा 
नैरन्तर्येण चिन्तयसि
 []

[178] [179] [180]
Underfull \hbox (badness 6316) in paragraph at lines 4707--4708
[]\TU/TiroDevanagariSanskrit(0)/m/n/10.95 तत्= ब्रह्म, ए
षाम्= इन्द्रादिदेवानाम्, विज
ज्ञौ= अस्माकमेव विजयः, वयमेव
 []

[181]
Underfull \hbox (badness 3872) in paragraph at lines 4739--4740
[]\TU/TiroDevanagariSanskrit(0)/m/n/10.95 तस्मै= अग्नये 
एतत्= इदं दृश्यमानम्, दह= भस्म
सात् कुरु, इत्युक्त्वा तृणम्=
 []

[182] [183] [184] [185] [186]
Underfull \hbox (badness 2903) in paragraph at lines 4885--4886
\TU/TiroDevanagariSanskrit(0)/m/n/10.95 इति= एतादृशाः, 
प्रतिष्ठाः= ब्रह्मविद्याप्र
ाप्तये साधनानि सन्तीत्यर्थः 
। (एतेषु हि सत्सु
 []

[187] [188]
! Missing $ inserted.
<inserted text> 
                $
l.4991 [^
         1]:   उवर्शी र पुरूरवाका बीचम..
.
I've inserted a begin-math/end-math symbol since I think
you left one out. Proceed, with fingers crossed.

! Missing $ inserted.
<inserted text> 
                $
l.4992 
       
I've inserted a begin-math/end-math symbol since I think
you left one out. Proceed, with fingers crossed.

Missing character: There is no उ (U+0909) in font cmmi10!
Missing character: There is no उ (U+0909) in font cmmi10!
Missing character: There is no व (U+0935) in font cmmi10!
Missing character: There is no व (U+0935) in font cmmi10!
Missing character: There is no र (U+0930) in font cmmi10!
Missing character: There is no र (U+0930) in font cmmi10!
Missing character: There is no ् (U+094D) in font cmmi10!
Missing character: There is no ् (U+094D) in font cmmi10!
Missing character: There is no श (U+0936) in font cmmi10!
Missing character: There is no श (U+0936) in font cmmi10!
Missing character: There is no ी (U+0940) in font cmmi10!
Missing character: There is no ी (U+0940) in font cmmi10!
Missing character: There is no र (U+0930) in font cmmi10!
Missing character: There is no र (U+0930) in font cmmi10!
Missing character: There is no प (U+092A) in font cmmi10!
Missing character: There is no प (U+092A) in font cmmi10!
Missing character: There is no ु (U+0941) in font cmmi10!
Missing character: There is no ु (U+0941) in font cmmi10!
Missing character: There is no र (U+0930) in font cmmi10!
Missing character: There is no र (U+0930) in font cmmi10!
Missing character: There is no ू (U+0942) in font cmmi10!
Missing character: There is no ू (U+0942) in font cmmi10!
Missing character: There is no र (U+0930) in font cmmi10!
Missing character: There is no र (U+0930) in font cmmi10!
Missing character: There is no व (U+0935) in font cmmi10!
Missing character: There is no व (U+0935) in font cmmi10!
Missing character: There is no ा (U+093E) in font cmmi10!
Missing character: There is no ा (U+093E) in font cmmi10!
Missing character: There is no क (U+0915) in font cmmi10!
Missing character: There is no क (U+0915) in font cmmi10!
Missing character: There is no ा (U+093E) in font cmmi10!
Missing character: There is no ा (U+093E) in font cmmi10!
Missing character: There is no ब (U+092C) in font cmmi10!
Missing character: There is no ब (U+092C) in font cmmi10!
Missing character: There is no ी (U+0940) in font cmmi10!
Missing character: There is no ी (U+0940) in font cmmi10!
Missing character: There is no च (U+091A) in font cmmi10!
Missing character: There is no च (U+091A) in font cmmi10!
Missing character: There is no म (U+092E) in font cmmi10!
Missing character: There is no म (U+092E) in font cmmi10!
Missing character: There is no ा (U+093E) in font cmmi10!
Missing character: There is no ा (U+093E) in font cmmi10!
Missing character: There is no भ (U+092D) in font cmmi10!
Missing character: There is no भ (U+092D) in font cmmi10!
Missing character: There is no ए (U+090F) in font cmmi10!
Missing character: There is no ए (U+090F) in font cmmi10!
Missing character: There is no क (U+0915) in font cmmi10!
Missing character: There is no क (U+0915) in font cmmi10!
Missing character: There is no ो (U+094B) in font cmmi10!
Missing character: There is no ो (U+094B) in font cmmi10!
Missing character: There is no व (U+0935) in font cmmi10!
Missing character: There is no व (U+0935) in font cmmi10!
Missing character: There is no ि (U+093F) in font cmmi10!
Missing character: There is no ि (U+093F) in font cmmi10!
Missing character: There is no व (U+0935) in font cmmi10!
Missing character: There is no व (U+0935) in font cmmi10!
Missing character: There is no ा (U+093E) in font cmmi10!
Missing character: There is no ा (U+093E) in font cmmi10!
Missing character: There is no ह (U+0939) in font cmmi10!
Missing character: There is no ह (U+0939) in font cmmi10!
Missing character: There is no भ (U+092D) in font cmmi10!
Missing character: There is no भ (U+092D) in font cmmi10!
Missing character: There is no न (U+0928) in font cmmi10!
Missing character: There is no न (U+0928) in font cmmi10!
Missing character: There is no ् (U+094D) in font cmmi10!
Missing character: There is no ् (U+094D) in font cmmi10!
Missing character: There is no द (U+0926) in font cmmi10!
Missing character: There is no द (U+0926) in font cmmi10!
Missing character: There is no ा (U+093E) in font cmmi10!
Missing character: There is no ा (U+093E) in font cmmi10!
Missing character: There is no प (U+092A) in font cmmi10!
Missing character: There is no प (U+092A) in font cmmi10!
Missing character: There is no ह (U+0939) in font cmmi10!
Missing character: There is no ह (U+0939) in font cmmi10!
Missing character: There is no ि (U+093F) in font cmmi10!
Missing character: There is no ि (U+093F) in font cmmi10!
Missing character: There is no ल (U+0932) in font cmmi10!
Missing character: There is no ल (U+0932) in font cmmi10!
Missing character: There is no े (U+0947) in font cmmi10!
Missing character: There is no े (U+0947) in font cmmi10!
Missing character: There is no क (U+0915) in font cmmi10!
Missing character: There is no क (U+0915) in font cmmi10!
Missing character: There is no ो (U+094B) in font cmmi10!
Missing character: There is no ो (U+094B) in font cmmi10!
Missing character: There is no स (U+0938) in font cmmi10!
Missing character: There is no स (U+0938) in font cmmi10!
Missing character: There is no र (U+0930) in font cmmi10!
Missing character: There is no र (U+0930) in font cmmi10!
Missing character: There is no ् (U+094D) in font cmmi10!
Missing character: There is no ् (U+094D) in font cmmi10!
Missing character: There is no त (U+0924) in font cmmi10!
Missing character: There is no त (U+0924) in font cmmi10!
Missing character: There is no श (U+0936) in font cmmi10!
Missing character: There is no श (U+0936) in font cmmi10!
Missing character: There is no त (U+0924) in font cmmi10!
Missing character: There is no त (U+0924) in font cmmi10!
Missing character: There is no प (U+092A) in font cmmi10!
Missing character: There is no प (U+092A) in font cmmi10!
Missing character: There is no थ (U+0925) in font cmmi10!
Missing character: There is no थ (U+0925) in font cmmi10!
Missing character: There is no ब (U+092C) in font cmmi10!
Missing character: There is no ब (U+092C) in font cmmi10!
Missing character: There is no ् (U+094D) in font cmmi10!
Missing character: There is no ् (U+094D) in font cmmi10!
Missing character: There is no र (U+0930) in font cmmi10!
Missing character: There is no र (U+0930) in font cmmi10!
Missing character: There is no ा (U+093E) in font cmmi10!
Missing character: There is no ा (U+093E) in font cmmi10!
Missing character: There is no ह (U+0939) in font cmmi10!
Missing character: There is no ह (U+0939) in font cmmi10!
Missing character: There is no ् (U+094D) in font cmmi10!
Missing character: There is no ् (U+094D) in font cmmi10!
Missing character: There is no म (U+092E) in font cmmi10!
Missing character: There is no म (U+092E) in font cmmi10!
Missing character: There is no ण (U+0923) in font cmmi10!
Missing character: There is no ण (U+0923) in font cmmi10!
Missing character: There is no म (U+092E) in font cmmi10!
Missing character: There is no म (U+092E) in font cmmi10!
Missing character: There is no ा (U+093E) in font cmmi10!
Missing character: There is no ा (U+093E) in font cmmi10!
Missing character: There is no य (U+092F) in font cmmi10!
Missing character: There is no य (U+092F) in font cmmi10!
Missing character: There is no स (U+0938) in font cmmi10!
Missing character: There is no स (U+0938) in font cmmi10!
Missing character: There is no र (U+0930) in font cmmi10!
Missing character: There is no र (U+0930) in font cmmi10!
Missing character: There is no ी (U+0940) in font cmmi10!
Missing character: There is no ी (U+0940) in font cmmi10!
Missing character: There is no द (U+0926) in font cmmi10!
Missing character: There is no द (U+0926) in font cmmi10!
Missing character: There is no े (U+0947) in font cmmi10!
Missing character: There is no े (U+0947) in font cmmi10!
Missing character: There is no ख (U+0916) in font cmmi10!
Missing character: There is no ख (U+0916) in font cmmi10!
Missing character: There is no ा (U+093E) in font cmmi10!
Missing character: There is no ा (U+093E) in font cmmi10!
Missing character: There is no इ (U+0907) in font cmmi10!
Missing character: There is no इ (U+0907) in font cmmi10!
Missing character: There is no ए (U+090F) in font cmmi10!
Missing character: There is no ए (U+090F) in font cmmi10!
Missing character: There is no क (U+0915) in font cmmi10!
Missing character: There is no क (U+0915) in font cmmi10!
Missing character: There is no ो (U+094B) in font cmmi10!
Missing character: There is no ो (U+094B) in font cmmi10!
Missing character: There is no छ (U+091B) in font cmmi10!
Missing character: There is no द (U+0926) in font cmmi10!
Missing character: There is no द (U+0926) in font cmmi10!
Missing character: There is no ि (U+093F) in font cmmi10!
Missing character: There is no ि (U+093F) in font cmmi10!
Missing character: There is no व (U+0935) in font cmmi10!
Missing character: There is no व (U+0935) in font cmmi10!
Missing character: There is no स (U+0938) in font cmmi10!
Missing character: There is no स (U+0938) in font cmmi10!
Missing character: There is no े (U+0947) in font cmmi10!
Missing character: There is no े (U+0947) in font cmmi10!
Missing character: There is no त (U+0924) in font cmmi10!
Missing character: There is no त (U+0924) in font cmmi10!
Missing character: There is no ् (U+094D) in font cmmi10!
Missing character: There is no ् (U+094D) in font cmmi10!
Missing character: There is no र (U+0930) in font cmmi10!
Missing character: There is no र (U+0930) in font cmmi10!
Missing character: There is no ि (U+093F) in font cmmi10!
Missing character: There is no ि (U+093F) in font cmmi10!
Missing character: There is no व (U+0935) in font cmmi10!
Missing character: There is no व (U+0935) in font cmmi10!
Missing character: There is no ा (U+093E) in font cmmi10!
Missing character: There is no ा (U+093E) in font cmmi10!
Missing character: There is no र (U+0930) in font cmmi10!
Missing character: There is no र (U+0930) in font cmmi10!
Missing character: There is no ं (U+0902) in font cmmi10!
Missing character: There is no ं (U+0902) in font cmmi10!
Missing character: There is no य (U+092F) in font cmmi10!
Missing character: There is no य (U+092F) in font cmmi10!
Missing character: There is no भ (U+092D) in font cmmi10!
Missing character: There is no भ (U+092D) in font cmmi10!
Missing character: There is no स (U+0938) in font cmmi10!
Missing character: There is no स (U+0938) in font cmmi10!
Missing character: There is no ् (U+094D) in font cmmi10!
Missing character: There is no ् (U+094D) in font cmmi10!
Missing character: There is no व (U+0935) in font cmmi10!
Missing character: There is no व (U+0935) in font cmmi10!
Missing character: There is no ए (U+090F) in font cmmi10!
Missing character: There is no ए (U+090F) in font cmmi10!
Missing character: There is no ड (U+0921) in font cmmi10!
Missing character: There is no ड (U+0921) in font cmmi10!
Missing character: There is no क (U+0915) in font cmmi10!
Missing character: There is no क (U+0915) in font cmmi10!
Missing character: There is no ब (U+092C) in font cmmi10!
Missing character: There is no ब (U+092C) in font cmmi10!
Missing character: There is no ा (U+093E) in font cmmi10!
Missing character: There is no ा (U+093E) in font cmmi10!
Missing character: There is no ल (U+0932) in font cmmi10!
Missing character: There is no ल (U+0932) in font cmmi10!
Missing character: There is no क (U+0915) in font cmmi10!
Missing character: There is no क (U+0915) in font cmmi10!
Missing character: There is no म (U+092E) in font cmmi10!
Missing character: There is no म (U+092E) in font cmmi10!
Missing character: There is no स (U+0938) in font cmmi10!
Missing character: There is no स (U+0938) in font cmmi10!
Missing character: There is no ् (U+094D) in font cmmi10!
Missing character: There is no ् (U+094D) in font cmmi10!
Missing character: There is no म (U+092E) in font cmmi10!
Missing character: There is no म (U+092E) in font cmmi10!
Missing character: There is no ा (U+093E) in font cmmi10!
Missing character: There is no ा (U+093E) in font cmmi10!
Missing character: There is no क (U+0915) in font cmmi10!
Missing character: There is no क (U+0915) in font cmmi10!
Missing character: There is no ं (U+0902) in font cmmi10!
Missing character: There is no ं (U+0902) in font cmmi10!
Missing character: There is no प (U+092A) in font cmmi10!
Missing character: There is no प (U+092A) in font cmmi10!
Missing character: There is no ु (U+0941) in font cmmi10!
Missing character: There is no ु (U+0941) in font cmmi10!
Missing character: There is no त (U+0924) in font cmmi10!
Missing character: There is no त (U+0924) in font cmmi10!
Missing character: There is no ् (U+094D) in font cmmi10!
Missing character: There is no ् (U+094D) in font cmmi10!
Missing character: There is no र (U+0930) in font cmmi10!
Missing character: There is no र (U+0930) in font cmmi10!
Missing character: There is no त (U+0924) in font cmmi10!
Missing character: There is no त (U+0924) in font cmmi10!
Missing character: There is no ् (U+094D) in font cmmi10!
Missing character: There is no ् (U+094D) in font cmmi10!
Missing character: There is no व (U+0935) in font cmmi10!
Missing character: There is no व (U+0935) in font cmmi10!
Missing character: There is no े (U+0947) in font cmmi10!
Missing character: There is no े (U+0947) in font cmmi10!
Missing character: There is no न (U+0928) in font cmmi10!
Missing character: There is no न (U+0928) in font cmmi10!
Missing character: There is no प (U+092A) in font cmmi10!
Missing character: There is no प (U+092A) in font cmmi10!
Missing character: There is no र (U+0930) in font cmmi10!
Missing character: There is no र (U+0930) in font cmmi10!
Missing character: There is no ि (U+093F) in font cmmi10!
Missing character: There is no ि (U+093F) in font cmmi10!
Missing character: There is no क (U+0915) in font cmmi10!
Missing character: There is no क (U+0915) in font cmmi10!
Missing character: There is no ल (U+0932) in font cmmi10!
Missing character: There is no ल (U+0932) in font cmmi10!
Missing character: There is no ् (U+094D) in font cmmi10!
Missing character: There is no ् (U+094D) in font cmmi10!
Missing character: There is no प (U+092A) in font cmmi10!
Missing character: There is no प (U+092A) in font cmmi10!
Missing character: There is no य (U+092F) in font cmmi10!
Missing character: There is no य (U+092F) in font cmmi10!
Missing character: There is no अ (U+0905) in font cmmi10!
Missing character: There is no अ (U+0905) in font cmmi10!
Missing character: There is no प (U+092A) in font cmmi10!
Missing character: There is no प (U+092A) in font cmmi10!
Missing character: There is no त (U+0924) in font cmmi10!
Missing character: There is no त (U+0924) in font cmmi10!
Missing character: There is no ् (U+094D) in font cmmi10!
Missing character: There is no ् (U+094D) in font cmmi10!
Missing character: There is no य (U+092F) in font cmmi10!
Missing character: There is no य (U+092F) in font cmmi10!
Missing character: There is no ो (U+094B) in font cmmi10!
Missing character: There is no ो (U+094B) in font cmmi10!
Missing character: There is no त (U+0924) in font cmmi10!
Missing character: There is no त (U+0924) in font cmmi10!
Missing character: There is no ् (U+094D) in font cmmi10!
Missing character: There is no ् (U+094D) in font cmmi10!
Missing character: There is no प (U+092A) in font cmmi10!
Missing character: There is no प (U+092A) in font cmmi10!
Missing character: There is no ा (U+093E) in font cmmi10!
Missing character: There is no ा (U+093E) in font cmmi10!
Missing character: There is no द (U+0926) in font cmmi10!
Missing character: There is no द (U+0926) in font cmmi10!
Missing character: There is no न (U+0928) in font cmmi10!
Missing character: There is no न (U+0928) in font cmmi10!
Missing character: There is no प (U+092A) in font cmmi10!
Missing character: There is no प (U+092A) in font cmmi10!
Missing character: There is no र (U+0930) in font cmmi10!
Missing character: There is no र (U+0930) in font cmmi10!
Missing character: There is no ् (U+094D) in font cmmi10!
Missing character: There is no ् (U+094D) in font cmmi10!
Missing character: There is no य (U+092F) in font cmmi10!
Missing character: There is no य (U+092F) in font cmmi10!
Missing character: There is no न (U+0928) in font cmmi10!
Missing character: There is no न (U+0928) in font cmmi10!
Missing character: There is no ् (U+094D) in font cmmi10!
Missing character: There is no ् (U+094D) in font cmmi10!
Missing character: There is no त (U+0924) in font cmmi10!
Missing character: There is no त (U+0924) in font cmmi10!
Missing character: There is no ं (U+0902) in font cmmi10!
Missing character: There is no ं (U+0902) in font cmmi10!
Missing character: There is no व (U+0935) in font cmmi10!
Missing character: There is no व (U+0935) in font cmmi10!
Missing character: There is no स (U+0938) in font cmmi10!
Missing character: There is no स (U+0938) in font cmmi10!
Missing character: There is no ा (U+093E) in font cmmi10!
Missing character: There is no ा (U+093E) in font cmmi10!
Missing character: There is no म (U+092E) in font cmmi10!
Missing character: There is no म (U+092E) in font cmmi10!
Missing character: There is no ि (U+093F) in font cmmi10!
Missing character: There is no ि (U+093F) in font cmmi10!
Missing character: There is no न (U+0928) in font cmmi10!
Missing character: There is no न (U+0928) in font cmmi10!
Missing character: There is no ग (U+0917) in font cmmi10!
Missing character: There is no ग (U+0917) in font cmmi10!
Missing character: There is no ् (U+094D) in font cmmi10!
Missing character: There is no ् (U+094D) in font cmmi10!
Missing character: There is no न (U+0928) in font cmmi10!
Missing character: There is no न (U+0928) in font cmmi10!
Missing character: There is no ं (U+0902) in font cmmi10!
Missing character: There is no ं (U+0902) in font cmmi10!
Missing character: There is no त (U+0924) in font cmmi10!
Missing character: There is no त (U+0924) in font cmmi10!
Missing character: There is no ् (U+094D) in font cmmi10!
Missing character: There is no ् (U+094D) in font cmmi10!
Missing character: There is no व (U+0935) in font cmmi10!
Missing character: There is no व (U+0935) in font cmmi10!
Missing character: There is no ा (U+093E) in font cmmi10!
Missing character: There is no ा (U+093E) in font cmmi10!
Missing character: There is no ं (U+0902) in font cmmi10!
Missing character: There is no ं (U+0902) in font cmmi10!
Missing character: There is no य (U+092F) in font cmmi10!
Missing character: There is no य (U+092F) in font cmmi10!
Missing character: There is no द (U+0926) in font cmmi10!
Missing character: There is no द (U+0926) in font cmmi10!
Missing character: There is no ा (U+093E) in font cmmi10!
Missing character: There is no ा (U+093E) in font cmmi10!
Missing character: There is no द (U+0926) in font cmmi10!
Missing character: There is no द (U+0926) in font cmmi10!
Missing character: There is no ् (U+094D) in font cmmi10!
Missing character: There is no ् (U+094D) in font cmmi10!
Missing character: There is no र (U+0930) in font cmmi10!
Missing character: There is no र (U+0930) in font cmmi10!
Missing character: There is no ा (U+093E) in font cmmi10!
Missing character: There is no ा (U+093E) in font cmmi10!
Missing character: There is no क (U+0915) in font cmmi10!
Missing character: There is no क (U+0915) in font cmmi10!
Missing character: There is no ् (U+094D) in font cmmi10!
Missing character: There is no ् (U+094D) in font cmmi10!
Missing character: There is no ष (U+0937) in font cmmi10!
Missing character: There is no ष (U+0937) in font cmmi10!
Missing character: There is no ं (U+0902) in font cmmi10!
Missing character: There is no ं (U+0902) in font cmmi10!
Missing character: There is no त (U+0924) in font cmmi10!
Missing character: There is no त (U+0924) in font cmmi10!
Missing character: There is no द (U+0926) in font cmmi10!
Missing character: There is no द (U+0926) in font cmmi10!
Missing character: There is no ा (U+093E) in font cmmi10!
Missing character: There is no ा (U+093E) in font cmmi10!
Missing character: There is no ग (U+0917) in font cmmi10!
Missing character: There is no ग (U+0917) in font cmmi10!
Missing character: There is no च (U+091A) in font cmmi10!
Missing character: There is no च (U+091A) in font cmmi10!
Missing character: There is no ् (U+094D) in font cmmi10!
Missing character: There is no ् (U+094D) in font cmmi10!
Missing character: There is no छ (U+091B) in font cmmi10!
Missing character: There is no छ (U+091B) in font cmmi10!
Missing character: There is no ा (U+093E) in font cmmi10!
Missing character: There is no ा (U+093E) in font cmmi10!
Missing character: There is no म (U+092E) in font cmmi10!
Missing character: There is no म (U+092E) in font cmmi10!
Missing character: There is no ी (U+0940) in font cmmi10!
Missing character: There is no ी (U+0940) in font cmmi10!
Missing character: There is no त (U+0924) in font cmmi10!
Missing character: There is no त (U+0924) in font cmmi10!
Missing character: There is no ् (U+094D) in font cmmi10!
Missing character: There is no ् (U+094D) in font cmmi10!
Missing character: There is no य (U+092F) in font cmmi10!
Missing character: There is no य (U+092F) in font cmmi10!
Missing character: There is no े (U+0947) in font cmmi10!
Missing character: There is no े (U+0947) in font cmmi10!
Missing character: There is no व (U+0935) in font cmmi10!
Missing character: There is no व (U+0935) in font cmmi10!
Missing character: There is no ं (U+0902) in font cmmi10!
Missing character: There is no ं (U+0902) in font cmmi10!
Missing character: There is no र (U+0930) in font cmmi10!
Missing character: There is no र (U+0930) in font cmmi10!
Missing character: There is no ू (U+0942) in font cmmi10!
Missing character: There is no ू (U+0942) in font cmmi10!
Missing character: There is no प (U+092A) in font cmmi10!
Missing character: There is no प (U+092A) in font cmmi10!
Missing character: There is no ो (U+094B) in font cmmi10!
Missing character: There is no ो (U+094B) in font cmmi10!
Missing character: There is no म (U+092E) in font cmmi10!
Missing character: There is no म (U+092E) in font cmmi10!
Missing character: There is no ि (U+093F) in font cmmi10!
Missing character: There is no ि (U+093F) in font cmmi10!
Missing character: There is no थ (U+0925) in font cmmi10!
Missing character: There is no थ (U+0925) in font cmmi10!
Missing character: There is no ः (U+0903) in font cmmi10!
Missing character: There is no ः (U+0903) in font cmmi10!
Missing character: There is no स (U+0938) in font cmmi10!
Missing character: There is no स (U+0938) in font cmmi10!
Missing character: There is no म (U+092E) in font cmmi10!
Missing character: There is no म (U+092E) in font cmmi10!
Missing character: There is no य (U+092F) in font cmmi10!
Missing character: There is no य (U+092F) in font cmmi10!
Missing character: There is no उ (U+0909) in font cmmi10!
Missing character: There is no उ (U+0909) in font cmmi10!
Missing character: There is no र (U+0930) in font cmmi10!
Missing character: There is no र (U+0930) in font cmmi10!
Missing character: There is no ् (U+094D) in font cmmi10!
Missing character: There is no ् (U+094D) in font cmmi10!
Missing character: There is no व (U+0935) in font cmmi10!
Missing character: There is no व (U+0935) in font cmmi10!
Missing character: There is no श (U+0936) in font cmmi10!
Missing character: There is no श (U+0936) in font cmmi10!
Missing character: There is no ी (U+0940) in font cmmi10!
Missing character: There is no ी (U+0940) in font cmmi10!
Missing character: There is no ह (U+0939) in font cmmi10!
Missing character: There is no ह (U+0939) in font cmmi10!
Missing character: There is no ा (U+093E) in font cmmi10!
Missing character: There is no ा (U+093E) in font cmmi10!
Missing character: There is no प (U+092A) in font cmmi10!
Missing character: There is no प (U+092A) in font cmmi10!
Missing character: There is no ् (U+094D) in font cmmi10!
Missing character: There is no ् (U+094D) in font cmmi10!
Missing character: There is no स (U+0938) in font cmmi10!
Missing character: There is no स (U+0938) in font cmmi10!
Missing character: There is no र (U+0930) in font cmmi10!
Missing character: There is no र (U+0930) in font cmmi10!
Missing character: There is no ा (U+093E) in font cmmi10!
Missing character: There is no ा (U+093E) in font cmmi10!
Missing character: There is no ः (U+0903) in font cmmi10!
Missing character: There is no ः (U+0903) in font cmmi10!
Missing character: There is no प (U+092A) in font cmmi10!
Missing character: There is no प (U+092A) in font cmmi10!
Missing character: There is no ु (U+0941) in font cmmi10!
Missing character: There is no ु (U+0941) in font cmmi10!
Missing character: There is no र (U+0930) in font cmmi10!
Missing character: There is no र (U+0930) in font cmmi10!
Missing character: There is no ू (U+0942) in font cmmi10!
Missing character: There is no ू (U+0942) in font cmmi10!
Missing character: There is no र (U+0930) in font cmmi10!
Missing character: There is no र (U+0930) in font cmmi10!
Missing character: There is no व (U+0935) in font cmmi10!
Missing character: There is no व (U+0935) in font cmmi10!
Missing character: There is no स (U+0938) in font cmmi10!
Missing character: There is no स (U+0938) in font cmmi10!
Missing character: There is no म (U+092E) in font cmmi10!
Missing character: There is no म (U+092E) in font cmmi10!
Missing character: There is no ै (U+0948) in font cmmi10!
Missing character: There is no ै (U+0948) in font cmmi10!
Missing character: There is no ळ (U+0933) in font cmmi10!
Missing character: There is no ळ (U+0933) in font cmmi10!
Missing character: There is no ं (U+0902) in font cmmi10!
Missing character: There is no ं (U+0902) in font cmmi10!
Missing character: There is no च (U+091A) in font cmmi10!
Missing character: There is no च (U+091A) in font cmmi10!
Missing character: There is no क (U+0915) in font cmmi10!
Missing character: There is no क (U+0915) in font cmmi10!
Missing character: There is no म (U+092E) in font cmmi10!
Missing character: There is no म (U+092E) in font cmmi10!
Missing character: There is no े (U+0947) in font cmmi10!
[189] (./main.aux)
 ***********
LaTeX2e <2025-11-01>
L3 programming layer <2026-01-19>
 ***********
)

Here is how much of LuaTeX's memory you used:
 21378 strings out of 476076
 100000,953878 words of node,token memory allocated
 1187 words of node memory still in use:
   20 hlist, 1 vlist, 9 rule, 1 local_par, 5 glue, 3 kern, 1 penalty, 1 glyph, 5
6 attribute, 87 glue_spec, 56 attribute_list, 2 write, 16 pdf_literal, 18 pdf_co
lorstack nodes
   avail lists: 1:1,2:1012,3:1417,4:43,5:252,6:64,7:5535,8:231,9:330,10:21,11:22

 43302 multiletter control sequences out of 65536+600000
 47 fonts using 8501207 bytes
 116i,12n,114p,8770b,824s stack positions out of 10000i,1000n,20000p,200000b,200000s
</home/ksai/dev/ksaitex/fonts/TiroDevanagariSanskrit-Italic.ttf></home/ksai/dev/
ksaitex/fonts/TiroDevanagariSanskrit-Regular.ttf></usr/share/texmf-dist/fonts/ty
pe1/public/amsfonts/cm/cmr10.pfb></usr/share/texmf-dist/fonts/type1/public/amsfo
nts/cm/cmr8.pfb></usr/share/texmf-dist/fonts/type1/public/amsfonts/cm/cmsy10.pfb
>
Output written on main.pdf (189 pages, 988736 bytes).

PDF statistics: 658 PDF objects out of 1000 (max. 8388607)
 433 compressed objects within 5 object streams
 0 named destinations out of 1000 (max. 1048576)
 216 words of extra memory for PDF output out of 10000 (max. 100000000)

